Workbook

Sheet DuLieu
A1: Dấu thời gian | B1: Họ và tên Nhân Viên | C1: Ngày báo Cáo | D1: Bán Fiber | E1: Bán MyTV | F1: Bán Camera_Mesh | G1: Ngưng Fiber | H1: Ngưng Mytv | I1: Chuyển ONT 2B | J1: Chuyển XGSPON | K1: GHTT tháng T | L1: GHTT tháng T+1 | M1: Lắp đặt/Dịch chuyển | N1: Thu hồi ONT 2B | O1: Thu hồi Mesh | P1: Xử Lý Suy Hao | Q1: Sửa chữa | R1: B2A | S1: Tiền Suy Hao | T1: Ngày | U1: Tháng | V1: Nam | W1: Ghi chú
B2: Tổng | D2: =SUM(D3:D11894) | E2: =SUM(E3:E11894) | F2: =SUM(F3:F11894) | G2: =SUM(G3:G11894) | H2: =SUM(H3:H11894) | I2: =SUM(I3:I11894) | J2: =SUM(J3:J11894) | K2: =SUM(K3:K11894) | ... S2: =SUM(S3:S11894)
A3: 45975.405 | B3: Trần Trung Giang | C3: 45962 | D3: 0 | E3: 0 | F3: 0 | G3: 0 | H3: 0 | I3: 0 | J3: 0 | K3: 0 | L3: 0 | M3: 0 | N3: 0 | O3: 0 | P3: 0 | Q3: 0 | R3: 0 | T3: =DAY(C3) | U3: =MONTH(C3) | V3: 2025 | W3: Không xoa dòng này
A4: 45975.455 | B4: Lương Duy Hoàng | C4: 45974 | D4: 0 | E4: 0 | F4: 0 | G4: 0 | H4: 0 | I4: 0 | J4: 0 | K4: 3 | L4: 0 | M4: 1 | N4: 2 | O4: 0 | P4: 1 | Q4: 3 | R4: 0 | T4: =DAY(C4) | U4: =MONTH(C4) | V4: 2025
A5: 45975.456 | B5: Hồ Thái Minh Trí | C5: 45974 | D5: 0 | E5: 0 | F5: 0 | G5: 0 | H5: 0 | I5: 0 | J5: 0 | K5: 9 | L5: 2 | M5: 0 | N5: 0 | O5: 0 | P5: 0 | Q5: 2 | R5: 0 | T5: =DAY(C5) | U5: =MONTH(C5) | V5: 2025
A6: 45975.457 | B6: Lê Văn Hồng | C6: 45974 | D6: 0 | E6: 0 | F6: 0 | G6: 0 | H6: 0 | I6: 3 | J6: 1 | K6: 7 | L6: 2 | M6: 1 | N6: 0 | O6: 0 | P6: 1 | Q6: 4 | R6: 0 | T6: =DAY(C6) | U6: =MONTH(C6) | V6: 2025
A7: 45975.457 | B7: Lê Quốc Duy | C7: 45974 | D7: 0 | E7: 0 | F7: 0 | G7: 0 | H7: 0 | I7: 0 | J7: 0 | K7: 13 | L7: 0 | M7: 1 | N7: 0 | O7: 0 | P7: 2 | Q7: 4 | R7: 0 | T7: =DAY(C7) | U7: =MONTH(C7) | V7: 2025
A8: 45975.459 | B8: Vòng Nhật Sang | C8: 45974 | D8: 1 | E8: 1 | F8: 0 | G8: 0 | H8: 0 | I8: 0 | J8: 0 | K8: 29 | L8: 0 | M8: 0 | N8: 0 | O8: 0 | P8: 0 | Q8: 5 | R8: 0 | T8: =DAY(C8) | U8: =MONTH(C8) | V8: 2025
A9: 45975.46 | B9: Nguyễn Tuấn Anh | C9: 45975 | D9: 0 | E9: 0 | F9: 0 | G9: 0 | H9: 0 | I9: 0 | J9: 0 | K9: 27 | L9: 0 | M9: 0 | N9: 0 | O9: 0 | P9: 1 | Q9: 1 | R9: 0 | T9: =DAY(C9) | U9: =MONTH(C9) | V9: 2025
A10: 45975.464 | B10: Dương Minh Tiến | C10: 45974 | D10: 0 | E10: 0 | F10: 0 | G10: 0 | H10: 0 | I10: 1 | J10: 0 | K10: 18 | L10: 0 | M10: 1 | N10: 0 | O10: 0 | P10: 0 | Q10: 2 | R10: 0 | T10: =DAY(C10) | U10: =MONTH(C10) | V10: 2025
A11: 45975.464 | B11: Phan Thành Thái | C11: 45974 | D11: 1 | E11: 1 | F11: 1 | G11: 1 | I11: 2 | J11: 0 | K11: 4 | L11: 0 | M11: 2 | N11: 0 | O11: 0 | P11: 1 | Q11: 4 | R11: 0 | T11: =DAY(C11) | U11: =MONTH(C11) | V11: 2025
A12: 45975.465 | B12: Đặng Hoài Anh | C12: 45974 | D12: 0 | E12: 0 | F12: 0 | G12: 1 | H12: 1 | I12: 0 | J12: 0 | K12: 5 | L12: 0 | M12: 0 | N12: 0 | O12: 0 | P12: 0 | Q12: 0 | R12: 0 | T12: =DAY(C12) | U12: =MONTH(C12) | V12: 2025
A13: 45975.468 | B13: Nguyễn Quang Anh Tuấn | C13: 45974 | D13: 0 | E13: 0 | F13: 0 | G13: 0 | H13: 0 | I13: 1 | J13: 0 | K13: 3 | L13: 0 | M13: 0 | N13: 0 | O13: 0 | P13: 0 | Q13: 0 | R13: 0 | T13: =DAY(C13) | U13: =MONTH(C13) | V13: 2025
A14: 45975.469 | B14: Nguyễn Thành Lâm | C14: 45974 | D14: 0 | E14: 0 | F14: 0 | G14: 3 | H14: 2 | I14: 0 | J14: 0 | K14: 9 | L14: 1 | M14: 0 | N14: 1 | O14: 0 | P14: 0 | Q14: 3 | R14: 0 | T14: =DAY(C14) | U14: =MONTH(C14) | V14: 2025
A15: 45975.47 | B15: Đào Công Trung | C15: 45974 | D15: 1 | E15: 1 | F15: 0 | G15: 0 | I15: 0 | J15: 0 | K15: 5 | L15: 0 | M15: 1 | N15: 0 | O15: 0 | P15: 0 | Q15: 1 | R15: 0 | T15: =DAY(C15) | U15: =MONTH(C15) | V15: 2025
A16: 45975.471 | B16: Phan Ngọc Sang | C16: 45974 | D16: 0 | E16: 1 | F16: 0 | G16: 0 | I16: 0 | J16: 0 | K16: 9 | L16: 0 | M16: 2 | N16: 0 | O16: 0 | P16: 1 | Q16: 1 | R16: 0 | T16: =DAY(C16) | U16: =MONTH(C16) | V16: 2025
A17: 45975.481 | B17: Hồ Xuân Việt | C17: 45975 | D17: 0 | E17: 0 | F17: 0 | G17: 0 | H17: 0 | I17: 0 | J17: 0 | K17: 0 | L17: 0 | M17: 1 | N17: 0 | O17: 0 | P17: 1 | Q17: 2 | R17: 0 | T17: =DAY(C17) | U17: =MONTH(C17) | V17: 2025
A18: 45975.482 | B18: Lương Duy Hải | C18: 45974 | D18: 0 | E18: 0 | F18: 0 | G18: 1 | H18: 1 | I18: 1 | J18: 1 | K18: 6 | L18: 0 | M18: 0 | N18: 1 | O18: 0 | P18: 0 | Q18: 2 | R18: 2 | T18: =DAY(C18) | U18: =MONTH(C18) | V18: 2025
A19: 45975.484 | B19: Nguyễn Văn Hiệp | C19: 45974 | D19: 0 | E19: 0 | F19: 0 | G19: 0 | H19: 0 | I19: 0 | J19: 0 | K19: 0 | L19: 0 | M19: 1 | N19: 0 | O19: 0 | P19: 0 | Q19: 0 | R19: 0 | T19: =DAY(C19) | U19: =MONTH(C19) | V19: 2025
A20: 45975.487 | B20: Nguyễn Hồng Minh | C20: 45974 | D20: 0 | E20: 0 | F20: 0 | G20: 1 | H20: 1 | I20: 1 | J20: 0 | K20: 15 | L20: 2 | M20: 0 | N20: 1 | O20: 0 | P20: 0 | Q20: 3 | R20: 0 | T20: =DAY(C20) | U20: =MONTH(C20) | V20: 2025
A21: 45975.491 | B21: Nguyễn Văn Nhật | C21: 45974 | D21: 0 | E21: 0 | F21: 0 | G21: 0 | H21: 0 | I21: 0 | J21: 0 | K21: 3 | L21: 2 | M21: 1 | N21: 2 | O21: 0 | P21: 2 | Q21: 5 | R21: 0 | T21: =DAY(C21) | U21: =MONTH(C21) | V21: 2025
A22: 45975.495 | B22: Huỳnh Văn Lực | C22: 45974 | D22: 0 | E22: 0 | F22: 0 | G22: 0 | H22: 0 | I22: 0 | J22: 0 | K22: 4 | L22: 0 | M22: 0 | N22: 0 | O22: 0 | P22: 2 | Q22: 0 | R22: 0 | T22: =DAY(C22) | U22: =MONTH(C22) | V22: 2025
A23: 45975.504 | B23: Bùi Duy Cường | C23: 45974 | D23: 0 | E23: 0 | F23: 0 | G23: 1 | H23: 1 | I23: 2 | J23: 1 | K23: 18 | L23: 0 | M23: 0 | N23: 1 | O23: 1 | P23: 1 | Q23: 3 | R23: 0 | T23: =DAY(C23) | U23: =MONTH(C23) | V23: 2025
A24: 45975.506 | B24: Trần Trung Giang | C24: 45974 | D24: 0 | E24: 0 | F24: 0 | G24: 0 | H24: 0 | I24: 0 | J24: 1 | K24: 6 | L24: 0 | M24: 0 | N24: 1 | O24: 0 | P24: 0 | Q24: 0 | R24: 0 | T24: =DAY(C24) | U24: =MONTH(C24) | V24: 2025
A25: 45975.506 | B25: Trần Xuân Khoa | C25: 45974 | D25: 0 | E25: 0 | F25: 0 | G25: 0 | H25: 0 | I25: 0 | J25: 0 | K25: 5 | L25: 0 | M25: 0 | N25: 0 | O25: 0 | P25: 1 | Q25: 3 | R25: 0 | T25: =DAY(C25) | U25: =MONTH(C25) | V25: 2025
A26: 45975.972 | B26: Trần Minh Khánh | C26: 45975 | D26: 0 | E26: 0 | F26: 0 | G26: 0 | H26: 0 | I26: 0 | J26: 0 | K26: 7 | L26: 0 | M26: 0 | N26: 0 | O26: 0 | P26: 2 | Q26: 4 | R26: 0 | T26: =DAY(C26) | U26: =MONTH(C26) | V26: 2025
A27: 45976.319 | B27: Hồ Xuân Việt | C27: 45975 | D27: 0 | E27: 0 | F27: 0 | G27: 0 | H27: 0 | I27: 0 | J27: 0 | K27: 6 | L27: 0 | M27: 1 | N27: 1 | O27: 0 | P27: 1 | Q27: 6 | R27: 0 | T27: =DAY(C27) | U27: =MONTH(C27) | V27: 2025
A28: 45976.331 | B28: Bùi Duy Cường | C28: 45975 | D28: 0 | E28: 0 | F28: 0 | G28: 0 | H28: 0 | I28: 0 | J28: 0 | K28: 10 | L28: 0 | M28: 1 | N28: 0 | O28: 0 | P28: 0 | Q28: 2 | R28: 0 | T28: =DAY(C28) | U28: =MONTH(C28) | V28: 2025
... A205: 45983.796 | B205: Đặng Hữu Danh | C205: 45983 | D205: 0 | E205: 0 | F205: 0 | G205: 0 | H205: 0 | I205: 2 | J205: 0 | K205: 5 | L205: 0 | M205: 0 | N205: 4 | O205: 0 | P205: 3 | Q205: 5 | R205: 0 | T205: =DAY(C205) | U205: =MONTH(C205) | V205: 2025
A206: 45984.28 | B206: Lê Quốc Duy | C206: 45983 | D206: 0 | E206: 0 | F206: 0 | G206: 0 | I206: 3 | J206: 0 | K206: 2 | L206: 0 | M206: 1 | N206: 0 | O206: 0 | P206: 0 | Q206: 10 | R206: 0 | T206: =DAY(C206) | U206: =MONTH(C206) | V206: 2025
A207: 45984.299 | B207: Trần Trung Giang | C207: 45983 | D207: 0 | E207: 0 | F207: 0 | G207: 1 | H207: 1 | I207: 2 | J207: 0 | K207: 2 | L207: 0 | M207: 0 | N207: 0 | O207: 0 | P207: 1 | Q207: 0 | R207: 0 | T207: =DAY(C207) | U207: =MONTH(C207) | V207: 2025
A208: 45984.303 | B208: Đặng Hoài Anh | C208: 45983 | D208: 0 | E208: 0 | F208: 0 | G208: 0 | H208: 0 | I208: 2 | J208: 0 | K208: 0 | L208: 0 | M208: 1 | N208: 0 | O208: 0 | P208: 2 | Q208: 0 | R208: 0 | T208: =DAY(C208) | U208: =MONTH(C208) | V208: 2025
A209: 45984.307 | B209: Nguyễn Tuấn Anh | C209: 45983 | D209: 1 | E209: 0 | F209: 0 | G209: 0 | H209: 0 | I209: 2 | J209: 0 | K209: 1 | L209: 0 | M209: 0 | N209: 0 | O209: 0 | P209: 1 | Q209: 5 | R209: 0 | T209: =DAY(C209) | U209: =MONTH(C209) | V209: 2025
A210: 45984.31 | B210: Nguyễn Quang Anh Tuấn | C210: 45983 | D210: 0 | E210: 0 | F210: 0 | G210: 0 | H210: 0 | I210: 2 | J210: 0 | K210: 10 | L210: 0 | M210: 0 | N210: 0 | O210: 0 | P210: 1 | Q210: 2 | R210: 0 | T210: =DAY(C210) | U210: =MONTH(C210) | V210: 2025
A211: 45984.313 | B211: Trần Xuân Khoa | C211: 45983 | D211: 0 | E211: 0 | F211: 0 | G211: 0 | H211: 0 | I211: 0 | J211: 0 | K211: 12 | L211: 0 | M211: 0 | N211: 0 | O211: 0 | P211: 0 | Q211: 3 | R211: 0 | T211: =DAY(C211) | U211: =MONTH(C211) | V211: 2025
A212: 45984.333 | B212: Hồ Xuân Việt | C212: 45983 | D212: 0 | E212: 0 | F212: 0 | G212: 0 | I212: 1 | J212: 0 | K212: 10 | L212: 0 | M212: 0 | N212: 1 | O212: 0 | P212: 1 | Q212: 4 | R212: 0 | T212: =DAY(C212) | U212: =MONTH(C212) | V212: 2025
A213: 45984.357 | B213: Nguyễn Văn Hiệp | C213: 45983 | D213: 0 | E213: 0 | F213: 0 | G213: 0 | H213: 0 | I213: 0 | J213: 0 | K213: 5 | L213: 0 | M213: 0 | N213: 0 | O213: 0 | P213: 0 | Q213: 0 | R213: 0 | T213: =DAY(C213) | U213: =MONTH(C213) | V213: 2025
A214: 45984.382 | B214: Lương Duy Hoàng | C214: 45983 | D214: 0 | E214: 0 | F214: 0 | G214: 0 | H214: 0 | I214: 1 | J214: 0 | K214: 7 | L214: 0 | M214: 0 | N214: 0 | O214: 0 | P214: 1 | Q214: 2 | R214: 0 | T214: =DAY(C214) | U214: =MONTH(C214) | V214: 2025
A215: 45984.385 | B215: Bùi Duy Cường | C215: 45983 | D215: 1 | E215: 1 | F215: 0 | G215: 1 | H215: 1 | I215: 1 | J215: 1 | K215: 10 | L215: 0 | M215: 1 | N215: 1 | O215: 0 | P215: 0 | Q215: 2 | R215: 0 | T215: =DAY(C215) | U215: =MONTH(C215) | V215: 2025
A216: 45984.398 | B216: Huỳnh Văn Lực | C216: 45983 | D216: 0 | E216: 0 | F216: 0 | G216: 0 | H216: 0 | I216: 0 | J216: 0 | K216: 8 | L216: 0 | M216: 0 | N216: 0 | O216: 0 | P216: 1 | Q216: 1 | R216: 0 | T216: =DAY(C216) | U216: =MONTH(C216) | V216: 2025
A217: 45984.794 | B217: Đặng Hữu Danh | C217: 45984 | D217: 0 | E217: 0 | F217: 0 | G217: 0 | H217: 0 | I217: 1 | J217: 0 | K217: 9 | L217: 0 | M217: 1 | N217: 3 | O217: 0 | P217: 3 | Q217: 4 | R217: 0 | T217: =DAY(C217) | U217: =MONTH(C217) | V217: 2025
A218: 45985.261 | B218: Lương Duy Hải | C218: 45983 | D218: 1 | E218: 1 | F218: 0 | G218: 0 | H218: 0 | I218: 0 | J218: 0 | K218: 0 | L218: 7 | M218: 1 | N218: 0 | O218: 0 | P218: 1 | Q218: 2 | R218: 0 | T218: =DAY(C218) | U218: =MONTH(C218) | V218: 2025
A219: 45985.262 | B219: Lương Duy Hải | C219: 45984 | D219: 1 | E219: 1 | F219: 0 | G219: 0 | H219: 0 | I219: 0 | J219: 0 | K219: 6 | L219: 0 | M219: 1 | N219: 0 | O219: 0 | P219: 0 | Q219: 1 | R219: 1 | T219: =DAY(C219) | U219: =MONTH(C219) | V219: 2025
A220: 45985.286 | B220: Lê Quốc Duy | C220: 45984 | D220: 0 | E220: 0 | F220: 0 | G220: 2 | H220: 2 | I220: 2 | J220: 0 | K220: 6 | L220: 0 | M220: 0 | N220: 0 | O220: 0 | P220: 1 | Q220: 6 | R220: 0 | T220: =DAY(C220) | U220: =MONTH(C220) | V220: 2025
A221: 45985.289 | B221: Lương Duy Hoàng | C221: 45984 | D221: 0 | E221: 0 | F221: 0 | G221: 0 | H221: 0 | I221: 0 | J221: 0 | K221: 9 | L221: 0 | M221: 0 | N221: 0 | O221: 0 | P221: 0 | Q221: 2 | R221: 0 | T221: =DAY(C221) | U221: =MONTH(C221) | V221: 2025
A222: 45985.289 | B222: Nguyễn Văn Hiệp | C222: 45983 | D222: 0 | E222: 0 | F222: 0 | G222: 0 | H222: 0 | I222: 0 | J222: 0 | K222: 2 | L222: 0 | M222: 0 | N222: 0 | O222: 0 | P222: 0 | Q222: 0 | R222: 0 | T222: =DAY(C222) | U222: =MONTH(C222) | V222: 2025
A223: 45985.291 | B223: Trần Trung Giang | C223: 45984 | D223: 0 | E223: 0 | F223: 0 | G223: 0 | H223: 0 | I223: 2 | J223: 0 | K223: 0 | L223: 0 | M223: 0 | N223: 0 | O223: 0 | P223: 0 | Q223: 0 | R223: 0 | T223: =DAY(C223) | U223: =MONTH(C223) | V223: 2025
A224: 45985.292 | B224: Nguyễn Tuấn Anh | C224: 45984 | D224: 1 | E224: 0 | F224: 0 | G224: 0 | H224: 0 | I224: 2 | J224: 0 | K224: 4 | L224: 0 | M224: 0 | N224: 0 | O224: 0 | P224: 1 | Q224: 2 | R224: 0 | T224: =DAY(C224) | U224: =MONTH(C224) | V224: 2025
A225: 45985.294 | B225: Nguyễn Quang Anh Tuấn | C225: 45984 | D225: 0 | E225: 0 | F225: 0 | G225: 0 | I225: 0 | J225: 0 | K225: 1 | L225: 0 | M225: 0 | N225: 0 | O225: 0 | P225: 0 | Q225: 0 | R225: 0 | T225: =DAY(C225) | U225: =MONTH(C225) | V225: 2025
A226: 45985.295 | B226: Vòng Nhật Sang | C226: 45984 | D226: 0 | E226: 0 | F226: 0 | G226: 0 | H226: 0 | I226: 0 | J226: 0 | K226: 10 | L226: 0 | M226: 0 | N226: 0 | O226: 0 | P226: 1 | Q226: 2 | R226: 0 | T226: =DAY(C226) | U226: =MONTH(C226) | V226: 2025
A227: 45985.3 | B227: Huỳnh Văn Lực | C227: 45984 | D227: 0 | E227: 0 | F227: 0 | G227: 0 | H227: 0 | I227: 0 | J227: 0 | K227: 5 | L227: 0 | M227: 0 | N227: 0 | O227: 0 | P227: 0 | Q227: 1 | R227: 1 | T227: =DAY(C227) | U227: =MONTH(C227) | V227: 2025
A228: 45985.3 | B228: Phan Ngọc Sang | C228: 45984 | D228: 0 | E228: 0 | F228: 0 | G228: 0 | H228: 0 | I228: 1 | J228: 0 | K228: 2 | L228: 0 | M228: 0 | N228: 1 | O228: 01 | P228: 1 | Q228: 3 | R228: 0 | T228: =DAY(C228) | U228: =MONTH(C228) | V228: 2025
A229: 45985.301 | B229: Đào Công Trung | C229: 45984 | D229: 0 | E229: 0 | F229: 0 | G229: 0 | H229: 0 | I229: 0 | J229: 0 | K229: 18 | L229: 0 | M229: 0 | N229: 0 | O229: 0 | P229: 0 | Q229: 3 | R229: 0 | T229: =DAY(C229) | U229: =MONTH(C229) | V229: 2025
A230: 45985.306 | B230: Nguyễn Văn Nhật | C230: 45983 | D230: 0 | E230: 0 | F230: 0 | G230: 0 | H230: 0 | I230: 0 | J230: 0 | K230: 6 | L230: 1 | M230: 0 | N230: 0 | O230: 0 | P230: 1 | Q230: 2 | R230: 0 | T230: =DAY(C230) | U230: =MONTH(C230) | V230: 2025
A231: 45985.307 | B231: Nguyễn Văn Nhật | C231: 45984 | D231: 0 | E231: 0 | F231: 0 | G231: 1 | H231: 0 | I231: 0 | J231: 0 | K231: 10 | L231: 0 | M231: 1 | N231: 0 | O231: 1 | P231: 2 | Q231: 0 | R231: 0 | T231: =DAY(C231) | U231: =MONTH(C231) | V231: 2025
A232: 45985.309 | B232: Dương Minh Tiến | C232: 45984 | D232: 0 | E232: 0 | F232: 0 | G232: 0 | H232: 0 | I232: 0 | J232: 0 | K232: 9 | L232: 0 | M232: 0 | N232: 0 | O232: 0 | P232: 0 | Q232: 0 | R232: 0 | T232: =DAY(C232) | U232: =MONTH(C232) | V232: 2025
A233: 45985.31 | B233: Hồ Xuân Việt | C233: 45984 | D233: 0 | E233: 0 | F233: 0 | G233: 0 | H233: 1 | I233: 0 | J233: 0 | K233: 8 | L233: 0 | M233: 0 | N233: 1 | O233: 0 | P233: 1 | Q233: 3 | R233: 0 | T233: =DAY(C233) | U233: =MONTH(C233) | V233: 2025
A234: 45985.311 | B234: Trần Xuân Khoa | C234: 45984 | D234: 0 | E234: 0 | F234: 0 | G234: 0 | H234: 0 | I234: 0 | J234: 0 | K234: 10 | L234: 0 | M234: 0 | N234: 0 | O234: 0 | P234: 0 | Q234: 4 | R234: 0 | T234: =DAY(C234) | U234: =MONTH(C234) | V234: 2025
A235: 45985.318 | B235: Phan Thành Thái | C235: 45984 | D235: 0 | E235: 0 | F235: 0 | G235: 0 | H235: 0 | I235: 2 | J235: 0 | K235: 10 | L235: 0 | M235: 0 | N235: 2 | O235: 0 | P235: 2 | Q235: 3 | R235: 0 | T235: =DAY(C235) | U235: =MONTH(C235) | V235: 2025
A236: 45985.333 | B236: Nguyễn Thành Lâm | C236: 45984 | D236: 0 | E236: 1 | F236: 1 | G236: 0 | H236: 0 | I236: 2 | J236: 1 | K236: 10 | L236: 0 | M236: 0 | N236: 2 | O236: 0 | P236: 0 | Q236: 3 | R236: 0 | T236: =DAY(C236) | U236: =MONTH(C236) | V236: 2025
A237: 45985.37 | B237: Đặng Hoài Anh | C237: 45984 | D237: 0 | E237: 0 | F237: 0 | G237: 0 | H237: 0 | I237: 1 | J237: 0 | K237: 2 | L237: 0 | M237: 0 | N237: 0 | O237: 0 | P237: 0 | Q237: 1 | R237: 0 | T237: =DAY(C237) | U237: =MONTH(C237) | V237: 2025
A238: 45985.497 | B238: Bùi Duy Cường | C238: 45984 | D238: 1 | E238: 0 | F238: 0 | G238: 0 | H238: 0 | I238: 2 | J238: 0 | K238: 12 | L238: 0 | M238: 1 | N238: 0 | O238: 0 | P238: 1 | Q238: 3 | R238: 0 | T238: =DAY(C238) | U238: =MONTH(C238) | V238: 2025
A239: 45985.893 | B239: Đặng Hữu Danh | C239: 45985 | D239: 1 | E239: 0 | F239: 0 | G239: 0 | H239: 0 | I239: 1 | J239: 0 | K239: 5 | L239: 0 | M239: 1 | N239: 2 | O239: 0 | P239: 1 | Q239: 4 | R239: 0 | T239: =DAY(C239) | U239: =MONTH(C239) | V239: 2025
A240: 45985.895 | B240: Lê Quốc Duy | C240: 45985 | D240: 0 | E240: 0 | F240: 0 | G240: 0 | H240: 0 | I240: 0 | J240: 0 | K240: 16 | L240: 0 | M240: 1 | N240: 0 | O240: 0 | P240: 2 | Q240: 5 | R240: 0 | T240: =DAY(C240) | U240: =MONTH(C240) | V240: 2025
... A314: 45990.319 | B314: Dương Minh Tiến | C314: 45989 | D314: 2 | E314: 2 | F314: 0 | G314: 0 | H314: 0 | I314: 0 | J314: 0 | K314: 7 | L314: 0 | M314: 2 | N314: 0 | O314: 0 | P314: 0 | Q314: 1 | R314: 0 | T314: =DAY(C314) | U314: =MONTH(C314) | V314: 2025
A315: 45990.324 | B315: Trần Trung Giang | C315: 45989 | D315: 0 | E315: 0 | F315: 0 | G315: 1 | I315: 1 | J315: 0 | K315: 1 | L315: 0 | M315: 0 | N315: 1 | O315: 0 | P315: 0 | Q315: 1 | R315: 0 | T315: =DAY(C315) | U315: =MONTH(C315) | V315: 2025
A316: 45990.326 | B316: Nguyễn Quang Anh Tuấn | C316: 45989 | D316: 0 | E316: 0 | F316: 0 | G316: 0 | H316: 0 | I316: 2 | J316: 0 | K316: 4 | L316: 0 | M316: 0 | N316: 0 | O316: 0 | P316: 1 | Q316: 0 | R316: 0 | T316: =DAY(C316) | U316: =MONTH(C316) | V316: 2025
A317: 45990.338 | B317: Huỳnh Văn Lực | C317: 45989 | D317: 0 | E317: 0 | F317: 0 | G317: 0 | H317: 0 | I317: 0 | J317: 0 | K317: 4 | L317: 0 | M317: 0 | N317: 0 | O317: 0 | P317: 0 | Q317: 2 | R317: 0 | T317: =DAY(C317) | U317: =MONTH(C317) | V317: 2025
A318: 45990.341 | B318: Trần Xuân Khoa | C318: 45989 | D318: 0 | E318: 0 | F318: 0 | G318: 2 | H318: 0 | I318: 0 | J318: 0 | K318: 8 | L318: 0 | M318: 0 | N318: 2 | O318: 0 | P318: 0 | Q318: 3 | R318: 0 | T318: =DAY(C318) | U318: =MONTH(C318) | V318: 2025
A319: 45990.502 | B319: Vòng Nhật Sang | C319: 45989 | D319: 1 | E319: 0 | F319: 0 | G319: 0 | H319: 0 | I319: 0 | J319: 0 | K319: 7 | L319: 0 | M319: 1 | N319: 0 | O319: 0 | P319: 0 | Q319: 2 | R319: 0 | T319: =DAY(C319) | U319: =MONTH(C319) | V319: 2025
A320: 45991.308 | B320: Đặng Hoài Anh | C320: 45990 | D320: 0 | E320: 0 | F320: 0 | G320: 0 | H320: 0 | I320: 0 | J320: 0 | K320: 7 | L320: 0 | M320: 0 | N320: 0 | O320: 0 | P320: 0 | Q320: 0 | R320: 1 | T320: =DAY(C320) | U320: =MONTH(C320) | V320: 2025
A321: 45991.31 | B321: Lương Duy Hoàng | C321: 45990 | D321: 0 | E321: 0 | F321: 0 | G321: 2 | H321: 0 | I321: 1 | J321: 0 | K321: 1 | L321: 0 | M321: 0 | N321: 1 | O321: 0 | P321: 0 | Q321: 3 | R321: 0 | T321: =DAY(C321) | U321: =MONTH(C321) | V321: 2025
A322: 45991.317 | B322: Trần Trung Giang | C322: 45990 | D322: 0 | E322: 0 | F322: 0 | G322: 0 | H322: 0 | I322: 1 | J322: 1 | K322: 4 | L322: 0 | M322: 0 | N322: 0 | O322: 0 | P322: 0 | Q322: 1 | R322: 0 | T322: =DAY(C322) | U322: =MONTH(C322) | V322: 2025
A323: 45991.318 | B323: Vòng Nhật Sang | C323: 45990 | D323: 0 | E323: 0 | F323: 0 | G323: 1 | H323: 0 | I323: 0 | J323: 0 | K323: 1 | L323: 0 | M323: 0 | N323: 0 | O323: 0 | P323: 4 | Q323: 2 | R323: 0 | T323: =DAY(C323) | U323: =MONTH(C323) | V323: 2025
A324: 45991.319 | B324: Nguyễn Tuấn Anh | C324: 45990 | D324: 0 | E324: 0 | F324: 0 | G324: 0 | H324: 0 | I324: 1 | J324: 0 | K324: 5 | L324: 0 | M324: 0 | N324: 1 | O324: 0 | P324: 0 | Q324: 6 | R324: 0 | T324: =DAY(C324) | U324: =MONTH(C324) | V324: 2025
A325: 45991.326 | B325: Huỳnh Văn Lực | C325: 45990 | D325: 1 | E325: 1 | F325: 0 | G325: 0 | H325: 0 | I325: 0 | J325: 0 | K325: 2 | L325: 0 | M325: 1 | N325: 2 | O325: 0 | P325: 1 | Q325: 2 | R325: 0 | T325: =DAY(C325) | U325: =MONTH(C325) | V325: 2025
A326: 45991.348 | B326: Nguyễn Văn Hiệp | C326: 45990 | D326: 0 | E326: 00 | F326: 0 | G326: 1 | H326: 1 | I326: 0 | J326: 0 | K326: 7 | L326: 0 | M326: 0 | N326: 2 | O326: 0 | P326: 0 | Q326: 1 | R326: 0 | T326: =DAY(C326) | U326: =MONTH(C326) | V326: 2025
A327: 45991.715 | B327: Dương Minh Tiến | C327: 45990 | D327: 0 | E327: 0 | F327: 0 | G327: 1 | H327: 0 | I327: 0 | J327: 0 | K327: 5 | L327: 0 | M327: 0 | N327: 0 | O327: 0 | P327: 0 | Q327: 1 | R327: 0 | T327: =DAY(C327) | U327: =MONTH(C327) | V327: 2025
A328: 45991.831 | B328: Đặng Hữu Danh | C328: 45991 | D328: 0 | E328: 2 | F328: 0 | G328: 0 | H328: 0 | I328: 0 | J328: 0 | K328: 8 | L328: 0 | M328: 2 | N328: 0 | O328: 0 | P328: 1 | Q328: 4 | R328: 0 | T328: =DAY(C328) | U328: =MONTH(C328) | V328: 2025
A329: 45992.286 | B329: Trần Trung Giang | C329: 45991 | D329: 0 | E329: 0 | F329: 0 | G329: 3 | H329: 2 | I329: 1 | J329: 0 | K329: 0 | L329: 0 | M329: 0 | N329: 0 | O329: 0 | P329: 0 | Q329: 0 | R329: 0 | T329: =DAY(C329) | U329: =MONTH(C329) | V329: 2025
A330: 45992.302 | B330: Nguyễn Tuấn Anh | C330: 45991 | D330: 1 | E330: 0 | F330: 0 | G330: 0 | H330: 0 | I330: 1 | J330: 0 | K330: 6 | L330: 0 | M330: 0 | N330: 1 | O330: 1 | P330: 0 | Q330: 5 | R330: 0 | T330: =DAY(C330) | U330: =MONTH(C330) | V330: 2025
A331: 45992.303 | B331: Nguyễn Quang Anh Tuấn | C331: 45991 | D331: 0 | E331: 0 | F331: 0 | G331: 0 | H331: 0 | I331: 1 | J331: 0 | K331: 4 | L331: 0 | M331: 0 | N331: 0 | O331: 0 | P331: 3 | Q331: 1 | R331: 0 | T331: =DAY(C331) | U331: =MONTH(C331) | V331: 2025
A332: 45992.316 | B332: Nguyễn Văn Hiệp | C332: 45991 | D332: 0 | E332: 0 | F332: 0 | G332: 0 | H332: 0 | I332: 0 | J332: 0 | K332: 0 | L332: 0 | M332: 0 | N332: 2 | O332: 0 | P332: 0 | Q332: 0 | R332: 0 | T332: =DAY(C332) | U332: =MONTH(C332) | V332: 2025
A333: 45992.321 | B333: Huỳnh Văn Lực | C333: 45991 | D333: 0 | E333: 0 | F333: 0 | G333: 1 | H333: 0 | I333: 0 | J333: 0 | K333: 3 | L333: 0 | M333: 0 | N333: 0 | O333: 1 | P333: 0 | Q333: 1 | R333: 0 | T333: =DAY(C333) | U333: =MONTH(C333) | V333: 2025
A334: 45992.329 | B334: Dương Minh Tiến | C334: 45991 | D334: 0 | E334: 0 | F334: 1 | G334: 0 | H334: 0 | I334: 0 | J334: 0 | K334: 2 | L334: 0 | M334: 1 | N334: 0 | O334: 0 | P334: 0 | Q334: 0 | R334: 0 | T334: =DAY(C334) | U334: =MONTH(C334) | V334: 2025
A335: 45992.338 | B335: Phan Ngọc Sang | C335: 45990 | D335: 0 | E335: 2 | F335: 0 | G335: 0 | H335: 0 | I335: 0 | J335: 0 | K335: 4 | L335: 0 | M335: 1 | N335: 0 | O335: 0 | P335: 1 | Q335: 2 | R335: 0 | T335: =DAY(C335) | U335: =MONTH(C335) | V335: 2025
A336: 45992.339 | B336: Phan Ngọc Sang | C336: 45991 | D336: 2 | E336: 0 | F336: 0 | G336: 0 | H336: 0 | I336: 0 | J336: 0 | K336: 5 | L336: 0 | M336: 2 | N336: 0 | O336: 0 | P336: 0 | Q336: 1 | R336: 0 | T336: =DAY(C336) | U336: =MONTH(C336) | V336: 2025
A337: 45992.34 | B337: Vòng Nhật Sang | C337: 45991 | D337: 0 | E337: 0 | F337: 0 | G337: 1 | H337: 0 | I337: 0 | J337: 0 | K337: 5 | L337: 0 | M337: 0 | N337: 0 | O337: 0 | P337: 0 | Q337: 1 | R337: 0 | T337: =DAY(C337) | U337: =MONTH(C337) | V337: 2025
A338: 45992.363 | B338: Đặng Hoài Anh | C338: 45991 | D338: 0 | E338: 0 | F338: 1 | G338: 0 | H338: 0 | I338: 0 | J338: 0 | K338: 0 | L338: 0 | M338: 1 | N338: 0 | O338: 0 | P338: 0 | Q338: 0 | R338: 0 | T338: =DAY(C338) | U338: =MONTH(C338) | V338: 2025
... A392: 45995.315 | B392: Nguyễn Tuấn Anh | C392: 45994 | D392: 0 | E392: 0 | F392: 0 | G392: 0 | H392: 0 | I392: 0 | J392: 0 | K392: 3 | L392: 4 | M392: 0 | N392: 0 | O392: 0 | P392: 0 | Q392: 24 | R392: 0 | T392: =DAY(C392) | U392: =MONTH(C392) | V392: 2025
A393: 45995.315 | B393: Đào Công Trung | C393: 45994 | D393: 0 | E393: 0 | F393: 0 | G393: 0 | H393: 0 | I393: 0 | J393: 0 | K393: 7 | L393: 1 | M393: 0 | N393: 0 | O393: 0 | P393: 0 | Q393: 08 | R393: 0 | T393: =DAY(C393) | U393: =MONTH(C393) | V393: 2025
A394: 45995.322 | B394: Nguyễn Văn Hiệp | C394: 45994 | D394: 0 | E394: 0 | F394: 0 | G394: 0 | H394: 0 | I394: 0 | J394: 0 | K394: 0 | L394: 0 | M394: 0 | N394: 0 | O394: 0 | P394: 1 | Q394: 2 | R394: 0 | T394: =DAY(C394) | U394: =MONTH(C394) | V394: 2025
A395: 45995.322 | B395: Phan Ngọc Sang | C395: 45994 | D395: 0 | E395: 0 | F395: 0 | G395: 0 | H395: 0 | I395: 1 | J395: 0 | K395: 3 | L395: 2 | M395: 1 | N395: 0 | O395: 0 | P395: 1 | Q395: 2 | R395: 0 | T395: =DAY(C395) | U395: =MONTH(C395) | V395: 2025
A396: 45995.328 | B396: Nguyễn Quang Anh Tuấn | C396: 45994 | D396: 0 | E396: 0 | F396: 1 | G396: 0 | H396: 0 | I396: 0 | J396: 0 | K396: 3 | L396: 4 | M396: 0 | N396: 0 | O396: 0 | P396: 0 | Q396: 2 | R396: 0 | T396: =DAY(C396) | U396: =MONTH(C396) | V396: 2025
A397: 45995.346 | B397: Bùi Duy Cường | C397: 45994 | D397: 0 | E397: 0 | F397: 0 | G397: 2 | H397: 2 | I397: 2 | J397: 1 | K397: 4 | L397: 2 | M397: 0 | N397: 0 | O397: 0 | P397: 0 | Q397: 3 | R397: 0 | T397: =DAY(C397) | U397: =MONTH(C397) | V397: 2025
A398: 45995.353 | B398: Lương Duy Hoàng | C398: 45994 | D398: 0 | E398: 0 | F398: 0 | G398: 0 | H398: 0 | I398: 2 | J398: 0 | K398: 2 | L398: 0 | M398: 0 | N398: 0 | O398: 0 | P398: 1 | Q398: 1 | R398: 0 | T398: =DAY(C398) | U398: =MONTH(C398) | V398: 2025
A399: 45995.397 | B399: Lê Quốc Duy | C399: 45994 | D399: 0 | E399: 0 | F399: 0 | G399: 0 | H399: 0 | I399: 1 | J399: 0 | K399: 0 | L399: 3 | M399: 0 | N399: 0 | O399: 0 | P399: 0 | Q399: 3 | R399: 0 | T399: =DAY(C399) | U399: =MONTH(C399) | V399: 2025
A400: 45995.401 | B400: Nguyễn Hồng Minh | C400: 45994 | D400: 0 | E400: 0 | F400: 0 | G400: 0 | H400: 0 | I400: 0 | J400: 1 | K400: 6 | L400: 0 | M400: 0 | N400: 0 | O400: 0 | P400: 0 | Q400: 5 | R400: 0 | T400: =DAY(C400) | U400: =MONTH(C400) | V400: 2025
A401: 45995.622 | B401: Lê Quốc Duy | C401: 45993 | D401: 0 | E401: 0 | F401: 0 | G401: 0 | H401: 0 | I401: 1 | J401: 0 | K401: 0 | L401: 2 | M401: 1 | N401: 0 | O401: 0 | P401: 0 | Q401: 1 | R401: 0 | T401: =DAY(C401) | U401: =MONTH(C401) | V401: 2025
A402: 45995.627 | B402: Hồ Thái Minh Trí | C402: 45992 | D402: 0 | E402: 0 | F402: 0 | G402: 0 | H402: 0 | I402: 0 | J402: 0 | K402: 2 | L402: 0 | M402: 1 | N402: 0 | O402: 0 | P402: 0 | Q402: 3 | R402: 0 | T402: =DAY(C402) | U402: =MONTH(C402) | V402: 2025
...

Sheet BaoCao_NhapLieu
A1: BÁO CÁO CÔNG TÁC NHẬP LIỆU CỦA NHÂN VIÊN KTĐB
A3: Họ và tên | B3: Năm | C3: Tháng | D3: Tuần | H3: Tổng | I3: Tỉ lệ(%)
A4: =IFERROR(__xludf.DUMMYFUNCTION("QUERY( { DuLieu!B2:B101562, DuLieu!U2:U101562, DuLieu!V2:V101562, ARRAYFORMULA( IF(DuLieu!T2:T101562="""",, IF(DuLieu!T2:T101562<=7, 1, IF(DuLieu!T2:T101562<=14, 2, IF(DuLieu!T2:T101562<=21, 3, 4) "&" ) ) ) ) }, ""select Col1, Col3, Col2, count(Col1) where Col1 is not null and Col1<>'Tổng' group by Col1, Col2, Col3 pivot Col4 order by Col2, Col3, Col1 label count(Col1) ''"", 0 ) "),"#REF!")
H5: =D5+E5+F5+G5 | I5: =H5/30*100
H6: =D6+E6+F6+G6 | I6: =H6/30*100
H7: =D7+E7+F7+G7 | I7: =H7/30*100
H8: =D8+E8+F8+G8 | I8: =H8/30*100
H9: =D9+E9+F9+G9 | I9: =H9/30*100
H10: =D10+E10+F10+G10 | I10: =H10/30*100
H11: =D11+E11+F11+G11 | I11: =H11/30*100
H12: =D12+E12+F12+G12 | I12: =H12/30*100
H13: =D13+E13+F13+G13 | I13: =H13/30*100
H14: =D14+E14+F14+G14 | I14: =H14/30*100
H15: =D15+E15+F15+G15 | I15: =H15/30*100
H16: =D16+E16+F16+G16 | I16: =H16/30*100
... H34: =D34+E34+F34+G34 | I34: =H34/30*100

Sheet Dashboard_TongHop
A1: BÁO CÁO TỔNG HỢP NHÂN SỰ XUÂN LỘC
A2: Ngày cập nhật: | B2: 46114.948
A4: Họ và tên | B4: Bán Fiber | C4: Bán MyTV | D4: Bán Camera | E4: NGHTT | F4: GHTT | G4: Lắp đặt | H4: Sửa chữa | I4: Xử lý Suy hao
A5: Tổng | B5: 477 | C5: 372 | D5: 300 | E5: 9944 | F5: 926 | G5: 830 | H5: 3578 | I5: 1181
A6: Trần Trung Giang | B6: 20 | C6: 14 | D6: 27 | E6: 415 | F6: 7 | G6: 46 | H6: 48 | I6: 58
A7: Lương Duy Hoàng | B7: 9 | C7: 7 | D7: 11 | E7: 317 | F7: 17 | G7: 30 | H7: 166 | I7: 34
A8: Hồ Thái Minh Trí | B8: 6 | C8: 3 | D8: 6 | E8: 409 | F8: 55 | G8: 24 | H8: 91 | I8: 6
A9: Lê Văn Hồng | B9: 16 | C9: 6 | D9: 0 | E9: 245 | F9: 44 | G9: 35 | H9: 139 | I9: 88
A10: Lê Quốc Duy | B10: 6 | C10: 4 | D10: 3 | E10: 318 | F10: 38 | G10: 19 | H10: 128 | I10: 37
A11: Vòng Nhật Sang | B11: 13 | C11: 3 | D11: 2 | E11: 642 | F11: 26 | G11: 30 | H11: 157 | I11: 117
A12: Nguyễn Tuấn Anh | B12: 65 | C12: 29 | D12: 25 | E12: 1162 | F12: 77 | G12: 0 | H12: 434 | I12: 70
A13: Dương Minh Tiến | B13: 10 | C13: 10 | D13: 4 | E13: 493 | F13: 42 | G13: 31 | H13: 35 | I13: 26
A14: Phan Thành Thái | B14: 15 | C14: 16 | D14: 9 | E14: 362 | F14: 27 | G14: 29 | H14: 217 | I14: 38
A15: Đặng Hoài Anh | B15: 35 | C15: 26 | D15: 15 | E15: 264 | F15: 15 | G15: 66 | H15: 55 | I15: 54
A16: Nguyễn Quang Anh Tuấn | B16: 21 | C16: 14 | D16: 8 | E16: 471 | F16: 30 | G16: 68 | H16: 160 | I16: 28
... A31: Hoàng Văn Chất | B31: 4 | C31: 1 | D31: 1 | E31: 145 | F31: 27 | G31: 9 | H31: 25 | I31: 4

Sheet Ngay
A1: Ngày | B1: Tiếp thị DV Fiber | C1: Tiếp thị DV MyTV | D1: Tiếp thị DV Camera/Mesh | E1: Tạm ngưng Fiber | F1: Tạm ngưng Mytv | G1: Thay thế ONT 2 băng tần | H1: CSKH HVC chuyển XGSPON | I1: Phiếu GHTT tháng T | J1: Phiếu GHTT tháng T+1 | K1: Lắp đặt/ dịch chuyển | L1: Thu hồi TBĐC (ONT) | M1: Thu hồi TBĐC (Mesh) | N1: Xử lý phiếu chủ động BRCD | O1: Sửa chữa máy hỏng | P1: B2A có nguy cơ rời mạng | Q1: Tháng | R1: Nam
A2: Tổng | B2: =SUM(B3:B33) | C2: =SUM(C3:C33) | D2: =SUM(D3:D33) | E2: =SUM(E3:E33) | F2: =SUM(F3:F33) | G2: =SUM(G3:G33) | H2: =SUM(H3:H33) | I2: =SUM(I3:I33) | ... P2: =SUM(P3:P33)
A3: 1 | B3: =SUMIFS(DuLieu!$D$3:$D$101908,DuLieu!$T$3:$T$101928,A3,DuLieu!$U$3:$U$101928,Q3) | C3: =SUMIFS(DuLieu!$E$3:$E$101908,DuLieu!$T$3:$T$101908,A3,DuLieu!$U$3:$U$101908,Q3) | D3: =SUMIFS(DuLieu!$F$3:$F$101908,DuLieu!$T$3:$T$1001908,A3,DuLieu!$U$3:$U$101908,Q3) | E3: =SUMIFS(DuLieu!$G$3:$G$101908,DuLieu!$T$3:$T$101908,A3,DuLieu!$U$3:$U$101908,Q3) | F3: =SUMIFS(DuLieu!$H$3:$H$101908,DuLieu!$T$3:$T$101908,A3,DuLieu!$U$3:$U$101908,Q3) | G3: =SUMIFS(DuLieu!$I$3:$I$11908,DuLieu!$T$3:$T$101908,A3,DuLieu!$U$3:$U$101908,Q3) | H3: =SUMIFS(DuLieu!$J$3:$J$101908,DuLieu!$T$3:$T$101908,A3,DuLieu!$U$3:$U$101908,Q3) | I3: =SUMIFS(DuLieu!$K$3:$K$101908,DuLieu!$T$3:$T$101908,A3,DuLieu!$U$3:$U$101908,Q3) | J3: =SUMIFS(DuLieu!$L$3:$L$101908,DuLieu!$T$3:$T$101908,A3,DuLieu!$U$3:$U$101908,Q3) | K3: =SUMIFS(DuLieu!$M$3:$M$101908,DuLieu!$T$3:$T$101908,A3,DuLieu!$U$3:$U$101908,Q3) | L3: =SUMIFS(DuLieu!$N$3:$N$101908,DuLieu!$T$3:$T$101908,A3,DuLieu!$U$3:$U$101908,Q3) | M3: =SUMIFS(DuLieu!$O$3:$O$101908,DuLieu!$T$3:$T$101908,A3,DuLieu!$U$3:$U$101908,Q3) | N3: =SUMIFS(DuLieu!$P$3:$P$101908,DuLieu!$T$3:$T$101908,A3,DuLieu!$U$3:$U$101908,Q3) | O3: =SUMIFS(DuLieu!$Q$3:$Q$101908,DuLieu!$T$3:$T$101908,A3,DuLieu!$U$3:$U$101908,Q3) | P3: =SUMIFS(DuLieu!$R$3:$R$101908,DuLieu!$T$3:$T$101908,A3,DuLieu!$U$3:$U$101908,Q3) | Q3: 11 | R3: 2025
A4: 2 | B4: =SUMIFS(DuLieu!$D$3:$D$101908,DuLieu!$T$3:$T$101928,A4,DuLieu!$U$3:$U$101928,Q4) | C4: =SUMIFS(DuLieu!$E$3:$E$101908,DuLieu!$T$3:$T$101908,A4,DuLieu!$U$3:$U$101908,Q4) | D4: =SUMIFS(DuLieu!$F$3:$F$101908,DuLieu!$T$3:$T$1001908,A4,DuLieu!$U$3:$U$101908,Q4) | E4: =SUMIFS(DuLieu!$G$3:$G$101908,DuLieu!$T$3:$T$101908,A4,DuLieu!$U$3:$U$101908,Q4) | F4: =SUMIFS(DuLieu!$H$3:$H$101908,DuLieu!$T$3:$T$101908,A4,DuLieu!$U$3:$U$101908,Q4) | G4: =SUMIFS(DuLieu!$I$3:$I$11908,DuLieu!$T$3:$T$101908,A4,DuLieu!$U$3:$U$101908,Q4) | H4: =SUMIFS(DuLieu!$J$3:$J$101908,DuLieu!$T$3:$T$101908,A4,DuLieu!$U$3:$U$101908,Q4) | I4: =SUMIFS(DuLieu!$K$3:$K$101908,DuLieu!$T$3:$T$101908,A4,DuLieu!$U$3:$U$101908,Q4) | J4: =SUMIFS(DuLieu!$L$3:$L$101908,DuLieu!$T$3:$T$101908,A4,DuLieu!$U$3:$U$101908,Q4) | K4: =SUMIFS(DuLieu!$M$3:$M$101908,DuLieu!$T$3:$T$101908,A4,DuLieu!$U$3:$U$101908,Q4) | L4: =SUMIFS(DuLieu!$N$3:$N$101908,DuLieu!$T$3:$T$101908,A4,DuLieu!$U$3:$U$101908,Q4) | M4: =SUMIFS(DuLieu!$O$3:$O$101908,DuLieu!$T$3:$T$101908,A4,DuLieu!$U$3:$U$101908,Q4) | N4: =SUMIFS(DuLieu!$P$3:$P$101908,DuLieu!$T$3:$T$101908,A4,DuLieu!$U$3:$U$101908,Q4) | O4: =SUMIFS(DuLieu!$Q$3:$Q$101908,DuLieu!$T$3:$T$101908,A4,DuLieu!$U$3:$U$101908,Q4) | P4: =SUMIFS(DuLieu!$R$3:$R$101908,DuLieu!$T$3:$T$101908,A4,DuLieu!$U$3:$U$101908,Q4) | Q4: 11 | R4: 2025
A5: 3 | B5: =SUMIFS(DuLieu!$D$3:$D$101908,DuLieu!$T$3:$T$101928,A5,DuLieu!$U$3:$U$101928,Q5) | C5: =SUMIFS(DuLieu!$E$3:$E$101908,DuLieu!$T$3:$T$101908,A5,DuLieu!$U$3:$U$101908,Q5) | D5: =SUMIFS(DuLieu!$F$3:$F$101908,DuLieu!$T$3:$T$1001908,A5,DuLieu!$U$3:$U$101908,Q5) | E5: =SUMIFS(DuLieu!$G$3:$G$101908,DuLieu!$T$3:$T$101908,A5,DuLieu!$U$3:$U$101908,Q5) | F5: =SUMIFS(DuLieu!$H$3:$H$101908,DuLieu!$T$3:$T$101908,A5,DuLieu!$U$3:$U$101908,Q5) | G5: =SUMIFS(DuLieu!$I$3:$I$11908,DuLieu!$T$3:$T$101908,A5,DuLieu!$U$3:$U$101908,Q5) | H5: =SUMIFS(DuLieu!$J$3:$J$101908,DuLieu!$T$3:$T$101908,A5,DuLieu!$U$3:$U$101908,Q5) | I5: =SUMIFS(DuLieu!$K$3:$K$101908,DuLieu!$T$3:$T$101908,A5,DuLieu!$U$3:$U$101908,Q5) | J5: =SUMIFS(DuLieu!$L$3:$L$101908,DuLieu!$T$3:$T$101908,A5,DuLieu!$U$3:$U$101908,Q5) | K5: =SUMIFS(DuLieu!$M$3:$M$101908,DuLieu!$T$3:$T$101908,A5,DuLieu!$U$3:$U$101908,Q5) | L5: =SUMIFS(DuLieu!$N$3:$N$101908,DuLieu!$T$3:$T$101908,A5,DuLieu!$U$3:$U$101908,Q5) | M5: =SUMIFS(DuLieu!$O$3:$O$101908,DuLieu!$T$3:$T$101908,A5,DuLieu!$U$3:$U$101908,Q5) | N5: =SUMIFS(DuLieu!$P$3:$P$101908,DuLieu!$T$3:$T$101908,A5,DuLieu!$U$3:$U$101908,Q5) | O5: =SUMIFS(DuLieu!$Q$3:$Q$101908,DuLieu!$T$3:$T$101908,A5,DuLieu!$U$3:$U$101908,Q5) | P5: =SUMIFS(DuLieu!$R$3:$R$101908,DuLieu!$T$3:$T$101908,A5,DuLieu!$U$3:$U$101908,Q5) | Q5: 11 | R5: 2025
A6: 4 | B6: =SUMIFS(DuLieu!$D$3:$D$101908,DuLieu!$T$3:$T$101928,A6,DuLieu!$U$3:$U$101928,Q6) | C6: =SUMIFS(DuLieu!$E$3:$E$101908,DuLieu!$T$3:$T$101908,A6,DuLieu!$U$3:$U$101908,Q6) | D6: =SUMIFS(DuLieu!$F$3:$F$101908,DuLieu!$T$3:$T$1001908,A6,DuLieu!$U$3:$U$101908,Q6) | E6: =SUMIFS(DuLieu!$G$3:$G$101908,DuLieu!$T$3:$T$101908,A6,DuLieu!$U$3:$U$101908,Q6) | F6: =SUMIFS(DuLieu!$H$3:$H$101908,DuLieu!$T$3:$T$101908,A6,DuLieu!$U$3:$U$101908,Q6) | G6: =SUMIFS(DuLieu!$I$3:$I$11908,DuLieu!$T$3:$T$101908,A6,DuLieu!$U$3:$U$101908,Q6) | H6: =SUMIFS(DuLieu!$J$3:$J$101908,DuLieu!$T$3:$T$101908,A6,DuLieu!$U$3:$U$101908,Q6) | I6: =SUMIFS(DuLieu!$K$3:$K$101908,DuLieu!$T$3:$T$101908,A6,DuLieu!$U$3:$U$101908,Q6) | J6: =SUMIFS(DuLieu!$L$3:$L$101908,DuLieu!$T$3:$T$101908,A6,DuLieu!$U$3:$U$101908,Q6) | K6: =SUMIFS(DuLieu!$M$3:$M$101908,DuLieu!$T$3:$T$101908,A6,DuLieu!$U$3:$U$101908,Q6) | L6: =SUMIFS(DuLieu!$N$3:$N$101908,DuLieu!$T$3:$T$101908,A6,DuLieu!$U$3:$U$101908,Q6) | M6: =SUMIFS(DuLieu!$O$3:$O$101908,DuLieu!$T$3:$T$101908,A6,DuLieu!$U$3:$U$101908,Q6) | N6: =SUMIFS(DuLieu!$P$3:$P$101908,DuLieu!$T$3:$T$101908,A6,DuLieu!$U$3:$U$101908,Q6) | O6: =SUMIFS(DuLieu!$Q$3:$Q$101908,DuLieu!$T$3:$T$101908,A6,DuLieu!$U$3:$U$101908,Q6) | P6: =SUMIFS(DuLieu!$R$3:$R$101908,DuLieu!$T$3:$T$101908,A6,DuLieu!$U$3:$U$101908,Q6) | Q6: 11 | R6: 2025
A7: 5 | B7: =SUMIFS(DuLieu!$D$3:$D$101908,DuLieu!$T$3:$T$101928,A7,DuLieu!$U$3:$U$101928,Q7) | C7: =SUMIFS(DuLieu!$E$3:$E$101908,DuLieu!$T$3:$T$101908,A7,DuLieu!$U$3:$U$101908,Q7) | D7: =SUMIFS(DuLieu!$F$3:$F$101908,DuLieu!$T$3:$T$1001908,A7,DuLieu!$U$3:$U$101908,Q7) | E7: =SUMIFS(DuLieu!$G$3:$G$101908,DuLieu!$T$3:$T$101908,A7,DuLieu!$U$3:$U$101908,Q7) | F7: =SUMIFS(DuLieu!$H$3:$H$101908,DuLieu!$T$3:$T$101908,A7,DuLieu!$U$3:$U$101908,Q7) | G7: =SUMIFS(DuLieu!$I$3:$I$11908,DuLieu!$T$3:$T$101908,A7,DuLieu!$U$3:$U$101908,Q7) | H7: =SUMIFS(DuLieu!$J$3:$J$101908,DuLieu!$T$3:$T$101908,A7,DuLieu!$U$3:$U$101908,Q7) | I7: =SUMIFS(DuLieu!$K$3:$K$101908,DuLieu!$T$3:$T$101908,A7,DuLieu!$U$3:$U$101908,Q7) | J7: =SUMIFS(DuLieu!$L$3:$L$101908,DuLieu!$T$3:$T$101908,A7,DuLieu!$U$3:$U$101908,Q7) | K7: =SUMIFS(DuLieu!$M$3:$M$101908,DuLieu!$T$3:$T$101908,A7,DuLieu!$U$3:$U$101908,Q7) | L7: =SUMIFS(DuLieu!$N$3:$N$101908,DuLieu!$T$3:$T$101908,A7,DuLieu!$U$3:$U$101908,Q7) | M7: =SUMIFS(DuLieu!$O$3:$O$101908,DuLieu!$T$3:$T$101908,A7,DuLieu!$U$3:$U$101908,Q7) | N7: =SUMIFS(DuLieu!$P$3:$P$101908,DuLieu!$T$3:$T$101908,A7,DuLieu!$U$3:$U$101908,Q7) | O7: =SUMIFS(DuLieu!$Q$3:$Q$101908,DuLieu!$T$3:$T$101908,A7,DuLieu!$U$3:$U$101908,Q7) | P7: =SUMIFS(DuLieu!$R$3:$R$101908,DuLieu!$T$3:$T$101908,A7,DuLieu!$U$3:$U$101908,Q7) | Q7: 11 | R7: 2025
A8: 6 | B8: =SUMIFS(DuLieu!$D$3:$D$101908,DuLieu!$T$3:$T$101928,A8,DuLieu!$U$3:$U$101928,Q8) | C8: =SUMIFS(DuLieu!$E$3:$E$101908,DuLieu!$T$3:$T$101908,A8,DuLieu!$U$3:$U$101908,Q8) | D8: =SUMIFS(DuLieu!$F$3:$F$101908,DuLieu!$T$3:$T$1001908,A8,DuLieu!$U$3:$U$101908,Q8) | E8: =SUMIFS(DuLieu!$G$3:$G$101908,DuLieu!$T$3:$T$101908,A8,DuLieu!$U$3:$U$101908,Q8) | F8: =SUMIFS(DuLieu!$H$3:$H$101908,DuLieu!$T$3:$T$101908,A8,DuLieu!$U$3:$U$101908,Q8) | G8: =SUMIFS(DuLieu!$I$3:$I$11908,DuLieu!$T$3:$T$101908,A8,DuLieu!$U$3:$U$101908,Q8) | H8: =SUMIFS(DuLieu!$J$3:$J$101908,DuLieu!$T$3:$T$101908,A8,DuLieu!$U$3:$U$101908,Q8) | I8: =SUMIFS(DuLieu!$K$3:$K$101908,DuLieu!$T$3:$T$101908,A8,DuLieu!$U$3:$U$101908,Q8) | J8: =SUMIFS(DuLieu!$L$3:$L$101908,DuLieu!$T$3:$T$101908,A8,DuLieu!$U$3:$U$101908,Q8) | K8: =SUMIFS(DuLieu!$M$3:$M$101908,DuLieu!$T$3:$T$101908,A8,DuLieu!$U$3:$U$101908,Q8) | L8: =SUMIFS(DuLieu!$N$3:$N$101908,DuLieu!$T$3:$T$101908,A8,DuLieu!$U$3:$U$101908,Q8) | M8: =SUMIFS(DuLieu!$O$3:$O$101908,DuLieu!$T$3:$T$101908,A8,DuLieu!$U$3:$U$101908,Q8) | N8: =SUMIFS(DuLieu!$P$3:$P$101908,DuLieu!$T$3:$T$101908,A8,DuLieu!$U$3:$U$101908,Q8) | O8: =SUMIFS(DuLieu!$Q$3:$Q$101908,DuLieu!$T$3:$T$101908,A8,DuLieu!$U$3:$U$101908,Q8) | P8: =SUMIFS(DuLieu!$R$3:$R$101908,DuLieu!$T$3:$T$101908,A8,DuLieu!$U$3:$U$101908,Q8) | Q8: 11 | R8: 2025
A9: 7 | B9: =SUMIFS(DuLieu!$D$3:$D$101908,DuLieu!$T$3:$T$101928,A9,DuLieu!$U$3:$U$101928,Q9) | C9: =SUMIFS(DuLieu!$E$3:$E$101908,DuLieu!$T$3:$T$101908,A9,DuLieu!$U$3:$U$101908,Q9) | D9: =SUMIFS(DuLieu!$F$3:$F$101908,DuLieu!$T$3:$T$1001908,A9,DuLieu!$U$3:$U$101908,Q9) | E9: =SUMIFS(DuLieu!$G$3:$G$101908,DuLieu!$T$3:$T$101908,A9,DuLieu!$U$3:$U$101908,Q9) | F9: =SUMIFS(DuLieu!$H$3:$H$101908,DuLieu!$T$3:$T$101908,A9,DuLieu!$U$3:$U$101908,Q9) | G9: =SUMIFS(DuLieu!$I$3:$I$11908,DuLieu!$T$3:$T$101908,A9,DuLieu!$U$3:$U$101908,Q9) | H9: =SUMIFS(DuLieu!$J$3:$J$101908,DuLieu!$T$3:$T$101908,A9,DuLieu!$U$3:$U$101908,Q9) | I9: =SUMIFS(DuLieu!$K$3:$K$101908,DuLieu!$T$3:$T$101908,A9,DuLieu!$U$3:$U$101908,Q9) | J9: =SUMIFS(DuLieu!$L$3:$L$101908,DuLieu!$T$3:$T$101908,A9,DuLieu!$U$3:$U$101908,Q9) | K9: =SUMIFS(DuLieu!$M$3:$M$101908,DuLieu!$T$3:$T$101908,A9,DuLieu!$U$3:$U$101908,Q9) | L9: =SUMIFS(DuLieu!$N$3:$N$101908,DuLieu!$T$3:$T$101908,A9,DuLieu!$U$3:$U$101908,Q9) | M9: =SUMIFS(DuLieu!$O$3:$O$101908,DuLieu!$T$3:$T$101908,A9,DuLieu!$U$3:$U$101908,Q9) | N9: =SUMIFS(DuLieu!$P$3:$P$101908,DuLieu!$T$3:$T$101908,A9,DuLieu!$U$3:$U$101908,Q9) | O9: =SUMIFS(DuLieu!$Q$3:$Q$101908,DuLieu!$T$3:$T$101908,A9,DuLieu!$U$3:$U$101908,Q9) | P9: =SUMIFS(DuLieu!$R$3:$R$101908,DuLieu!$T$3:$T$101908,A9,DuLieu!$U$3:$U$101908,Q9) | Q9: 11 | R9: 2025
A10: 8 | B10: =SUMIFS(DuLieu!$D$3:$D$101908,DuLieu!$T$3:$T$101928,A10,DuLieu!$U$3:$U$101928,Q10) | C10: =SUMIFS(DuLieu!$E$3:$E$101908,DuLieu!$T$3:$T$101908,A10,DuLieu!$U$3:$U$101908,Q10) | D10: =SUMIFS(DuLieu!$F$3:$F$101908,DuLieu!$T$3:$T$1001908,A10,DuLieu!$U$3:$U$101908,Q10) | E10: =SUMIFS(DuLieu!$G$3:$G$101908,DuLieu!$T$3:$T$101908,A10,DuLieu!$U$3:$U$101908,Q10) | F10: =SUMIFS(DuLieu!$H$3:$H$101908,DuLieu!$T$3:$T$101908,A10,DuLieu!$U$3:$U$101908,Q10) | G10: =SUMIFS(DuLieu!$I$3:$I$11908,DuLieu!$T$3:$T$101908,A10,DuLieu!$U$3:$U$101908,Q10) | H10: =SUMIFS(DuLieu!$J$3:$J$101908,DuLieu!$T$3:$T$101908,A10,DuLieu!$U$3:$U$101908,Q10) | I10: =SUMIFS(DuLieu!$K$3:$K$101908,DuLieu!$T$3:$T$101908,A10,DuLieu!$U$3:$U$101908,Q10) | J10: =SUMIFS(DuLieu!$L$3:$L$101908,DuLieu!$T$3:$T$101908,A10,DuLieu!$U$3:$U$101908,Q10) | K10: =SUMIFS(DuLieu!$M$3:$M$101908,DuLieu!$T$3:$T$101908,A10,DuLieu!$U$3:$U$101908,Q10) | L10: =SUMIFS(DuLieu!$N$3:$N$101908,DuLieu!$T$3:$T$101908,A10,DuLieu!$U$3:$U$101908,Q10) | M10: =SUMIFS(DuLieu!$O$3:$O$101908,DuLieu!$T$3:$T$101908,A10,DuLieu!$U$3:$U$101908,Q10) | N10: =SUMIFS(DuLieu!$P$3:$P$101908,DuLieu!$T$3:$T$101908,A10,DuLieu!$U$3:$U$101908,Q10) | O10: =SUMIFS(DuLieu!$Q$3:$Q$101908,DuLieu!$T$3:$T$101908,A10,DuLieu!$U$3:$U$101908,Q10) | P10: =SUMIFS(DuLieu!$R$3:$R$101908,DuLieu!$T$3:$T$101908,A10,DuLieu!$U$3:$U$101908,Q10) | Q10: 11 | R10: 2025
A11: 9 | B11: =SUMIFS(DuLieu!$D$3:$D$101908,DuLieu!$T$3:$T$101928,A11,DuLieu!$U$3:$U$101928,Q11) | C11: =SUMIFS(DuLieu!$E$3:$E$101908,DuLieu!$T$3:$T$101908,A11,DuLieu!$U$3:$U$101908,Q11) | D11: =SUMIFS(DuLieu!$F$3:$F$101908,DuLieu!$T$3:$T$1001908,A11,DuLieu!$U$3:$U$101908,Q11) | E11: =SUMIFS(DuLieu!$G$3:$G$101908,DuLieu!$T$3:$T$101908,A11,DuLieu!$U$3:$U$101908,Q11) | F11: =SUMIFS(DuLieu!$H$3:$H$101908,DuLieu!$T$3:$T$101908,A11,DuLieu!$U$3:$U$101908,Q11) | G11: =SUMIFS(DuLieu!$I$3:$I$11908,DuLieu!$T$3:$T$101908,A11,DuLieu!$U$3:$U$101908,Q11) | H11: =SUMIFS(DuLieu!$J$3:$J$101908,DuLieu!$T$3:$T$101908,A11,DuLieu!$U$3:$U$101908,Q11) | I11: =SUMIFS(DuLieu!$K$3:$K$101908,DuLieu!$T$3:$T$101908,A11,DuLieu!$U$3:$U$101908,Q11) | J11: =SUMIFS(DuLieu!$L$3:$L$101908,DuLieu!$T$3:$T$101908,A11,DuLieu!$U$3:$U$101908,Q11) | K11: =SUMIFS(DuLieu!$M$3:$M$101908,DuLieu!$T$3:$T$101908,A11,DuLieu!$U$3:$U$101908,Q11) | L11: =SUMIFS(DuLieu!$N$3:$N$101908,DuLieu!$T$3:$T$101908,A11,DuLieu!$U$3:$U$101908,Q11) | M11: =SUMIFS(DuLieu!$O$3:$O$101908,DuLieu!$T$3:$T$101908,A11,DuLieu!$U$3:$U$101908,Q11) | N11: =SUMIFS(DuLieu!$P$3:$P$101908,DuLieu!$T$3:$T$101908,A11,DuLieu!$U$3:$U$101908,Q11) | O11: =SUMIFS(DuLieu!$Q$3:$Q$101908,DuLieu!$T$3:$T$101908,A11,DuLieu!$U$3:$U$101908,Q11) | P11: =SUMIFS(DuLieu!$R$3:$R$101908,DuLieu!$T$3:$T$101908,A11,DuLieu!$U$3:$U$101908,Q11) | Q11: 11 | R11: 2025
A12: 10 | B12: =SUMIFS(DuLieu!$D$3:$D$101908,DuLieu!$T$3:$T$101928,A12,DuLieu!$U$3:$U$101928,Q12) | C12: =SUMIFS(DuLieu!$E$3:$E$101908,DuLieu!$T$3:$T$101908,A12,DuLieu!$U$3:$U$101908,Q12) | D12: =SUMIFS(DuLieu!$F$3:$F$101908,DuLieu!$T$3:$T$1001908,A12,DuLieu!$U$3:$U$101908,Q12) | E12: =SUMIFS(DuLieu!$G$3:$G$101908,DuLieu!$T$3:$T$101908,A12,DuLieu!$U$3:$U$101908,Q12) | F12: =SUMIFS(DuLieu!$H$3:$H$101908,DuLieu!$T$3:$T$101908,A12,DuLieu!$U$3:$U$101908,Q12) | G12: =SUMIFS(DuLieu!$I$3:$I$11908,DuLieu!$T$3:$T$101908,A12,DuLieu!$U$3:$U$101908,Q12) | H12: =SUMIFS(DuLieu!$J$3:$J$101908,DuLieu!$T$3:$T$101908,A12,DuLieu!$U$3:$U$101908,Q12) | I12: =SUMIFS(DuLieu!$K$3:$K$101908,DuLieu!$T$3:$T$101908,A12,DuLieu!$U$3:$U$101908,Q12) | J12: =SUMIFS(DuLieu!$L$3:$L$101908,DuLieu!$T$3:$T$101908,A12,DuLieu!$U$3:$U$101908,Q12) | K12: =SUMIFS(DuLieu!$M$3:$M$101908,DuLieu!$T$3:$T$101908,A12,DuLieu!$U$3:$U$101908,Q12) | L12: =SUMIFS(DuLieu!$N$3:$N$101908,DuLieu!$T$3:$T$101908,A12,DuLieu!$U$3:$U$101908,Q12) | M12: =SUMIFS(DuLieu!$O$3:$O$101908,DuLieu!$T$3:$T$101908,A12,DuLieu!$U$3:$U$101908,Q12) | N12: =SUMIFS(DuLieu!$P$3:$P$101908,DuLieu!$T$3:$T$101908,A12,DuLieu!$U$3:$U$101908,Q12) | O12: =SUMIFS(DuLieu!$Q$3:$Q$101908,DuLieu!$T$3:$T$101908,A12,DuLieu!$U$3:$U$101908,Q12) | P12: =SUMIFS(DuLieu!$R$3:$R$101908,DuLieu!$T$3:$T$101908,A12,DuLieu!$U$3:$U$101908,Q12) | Q12: 11 | R12: 2025
A13: 11 | B13: =SUMIFS(DuLieu!$D$3:$D$101908,DuLieu!$T$3:$T$101928,A13,DuLieu!$U$3:$U$101928,Q13) | C13: =SUMIFS(DuLieu!$E$3:$E$101908,DuLieu!$T$3:$T$101908,A13,DuLieu!$U$3:$U$101908,Q13) | D13: =SUMIFS(DuLieu!$F$3:$F$101908,DuLieu!$T$3:$T$1001908,A13,DuLieu!$U$3:$U$101908,Q13) | E13: =SUMIFS(DuLieu!$G$3:$G$101908,DuLieu!$T$3:$T$101908,A13,DuLieu!$U$3:$U$101908,Q13) | F13: =SUMIFS(DuLieu!$H$3:$H$101908,DuLieu!$T$3:$T$101908,A13,DuLieu!$U$3:$U$101908,Q13) | G13: =SUMIFS(DuLieu!$I$3:$I$11908,DuLieu!$T$3:$T$101908,A13,DuLieu!$U$3:$U$101908,Q13) | H13: =SUMIFS(DuLieu!$J$3:$J$101908,DuLieu!$T$3:$T$101908,A13,DuLieu!$U$3:$U$101908,Q13) | I13: =SUMIFS(DuLieu!$K$3:$K$101908,DuLieu!$T$3:$T$101908,A13,DuLieu!$U$3:$U$101908,Q13) | J13: =SUMIFS(DuLieu!$L$3:$L$101908,DuLieu!$T$3:$T$101908,A13,DuLieu!$U$3:$U$101908,Q13) | K13: =SUMIFS(DuLieu!$M$3:$M$101908,DuLieu!$T$3:$T$101908,A13,DuLieu!$U$3:$U$101908,Q13) | L13: =SUMIFS(DuLieu!$N$3:$N$101908,DuLieu!$T$3:$T$101908,A13,DuLieu!$U$3:$U$101908,Q13) | M13: =SUMIFS(DuLieu!$O$3:$O$101908,DuLieu!$T$3:$T$101908,A13,DuLieu!$U$3:$U$101908,Q13) | N13: =SUMIFS(DuLieu!$P$3:$P$101908,DuLieu!$T$3:$T$101908,A13,DuLieu!$U$3:$U$101908,Q13) | O13: =SUMIFS(DuLieu!$Q$3:$Q$101908,DuLieu!$T$3:$T$101908,A13,DuLieu!$U$3:$U$101908,Q13) | P13: =SUMIFS(DuLieu!$R$3:$R$101908,DuLieu!$T$3:$T$101908,A13,DuLieu!$U$3:$U$101908,Q13) | Q13: 11 | R13: 2025
A14: 12 | B14: =SUMIFS(DuLieu!$D$3:$D$101908,DuLieu!$T$3:$T$101928,A14,DuLieu!$U$3:$U$101928,Q14) | C14: =SUMIFS(DuLieu!$E$3:$E$101908,DuLieu!$T$3:$T$101908,A14,DuLieu!$U$3:$U$101908,Q14) | D14: =SUMIFS(DuLieu!$F$3:$F$101908,DuLieu!$T$3:$T$1001908,A14,DuLieu!$U$3:$U$101908,Q14) | E14: =SUMIFS(DuLieu!$G$3:$G$101908,DuLieu!$T$3:$T$101908,A14,DuLieu!$U$3:$U$101908,Q14) | F14: =SUMIFS(DuLieu!$H$3:$H$101908,DuLieu!$T$3:$T$101908,A14,DuLieu!$U$3:$U$101908,Q14) | G14: =SUMIFS(DuLieu!$I$3:$I$11908,DuLieu!$T$3:$T$101908,A14,DuLieu!$U$3:$U$101908,Q14) | H14: =SUMIFS(DuLieu!$J$3:$J$101908,DuLieu!$T$3:$T$101908,A14,DuLieu!$U$3:$U$101908,Q14) | I14: =SUMIFS(DuLieu!$K$3:$K$101908,DuLieu!$T$3:$T$101908,A14,DuLieu!$U$3:$U$101908,Q14) | J14: =SUMIFS(DuLieu!$L$3:$L$101908,DuLieu!$T$3:$T$101908,A14,DuLieu!$U$3:$U$101908,Q14) | K14: =SUMIFS(DuLieu!$M$3:$M$101908,DuLieu!$T$3:$T$101908,A14,DuLieu!$U$3:$U$101908,Q14) | L14: =SUMIFS(DuLieu!$N$3:$N$101908,DuLieu!$T$3:$T$101908,A14,DuLieu!$U$3:$U$101908,Q14) | M14: =SUMIFS(DuLieu!$O$3:$O$101908,DuLieu!$T$3:$T$101908,A14,DuLieu!$U$3:$U$101908,Q14) | N14: =SUMIFS(DuLieu!$P$3:$P$101908,DuLieu!$T$3:$T$101908,A14,DuLieu!$U$3:$U$101908,Q14) | O14: =SUMIFS(DuLieu!$Q$3:$Q$101908,DuLieu!$T$3:$T$101908,A14,DuLieu!$U$3:$U$101908,Q14) | P14: =SUMIFS(DuLieu!$R$3:$R$101908,DuLieu!$T$3:$T$101908,A14,DuLieu!$U$3:$U$101908,Q14) | Q14: 11 | R14: 2025
... A95: 31 | B95: =SUMIFS(DuLieu!$D$3:$D$101908,DuLieu!$T$3:$T$101928,A95,DuLieu!$U$3:$U$101928,Q95) | C95: =SUMIFS(DuLieu!$E$3:$E$101908,DuLieu!$T$3:$T$101908,A95,DuLieu!$U$3:$U$101908,Q95) | D95: =SUMIFS(DuLieu!$F$3:$F$101908,DuLieu!$T$3:$T$1001908,A95,DuLieu!$U$3:$U$101908,Q95) | E95: =SUMIFS(DuLieu!$G$3:$G$101908,DuLieu!$T$3:$T$101908,A95,DuLieu!$U$3:$U$101908,Q95) | F95: =SUMIFS(DuLieu!$H$3:$H$101908,DuLieu!$T$3:$T$101908,A95,DuLieu!$U$3:$U$101908,Q95) | G95: =SUMIFS(DuLieu!$I$3:$I$11908,DuLieu!$T$3:$T$101908,A95,DuLieu!$U$3:$U$101908,Q95) | H95: =SUMIFS(DuLieu!$J$3:$J$101908,DuLieu!$T$3:$T$101908,A95,DuLieu!$U$3:$U$101908,Q95) | I95: =SUMIFS(DuLieu!$K$3:$K$101908,DuLieu!$T$3:$T$101908,A95,DuLieu!$U$3:$U$101908,Q95) | J95: =SUMIFS(DuLieu!$L$3:$L$101908,DuLieu!$T$3:$T$101908,A95,DuLieu!$U$3:$U$101908,Q95) | K95: =SUMIFS(DuLieu!$M$3:$M$101908,DuLieu!$T$3:$T$101908,A95,DuLieu!$U$3:$U$101908,Q95) | L95: =SUMIFS(DuLieu!$N$3:$N$101908,DuLieu!$T$3:$T$101908,A95,DuLieu!$U$3:$U$101908,Q95) | M95: =SUMIFS(DuLieu!$O$3:$O$101908,DuLieu!$T$3:$T$101908,A95,DuLieu!$U$3:$U$101908,Q95) | N95: =SUMIFS(DuLieu!$P$3:$P$101908,DuLieu!$T$3:$T$101908,A95,DuLieu!$U$3:$U$101908,Q95) | O95: =SUMIFS(DuLieu!$Q$3:$Q$101908,DuLieu!$T$3:$T$101908,A95,DuLieu!$U$3:$U$101908,Q95) | P95: =SUMIFS(DuLieu!$R$3:$R$101908,DuLieu!$T$3:$T$101908,A95,DuLieu!$U$3:$U$101908,Q95) | Q95: 1 | R95: 2026

Sheet Tuan
B1: Mục tiêu | C1: Tuần 1 | F1: Tuần 2 | I1: Tuần 3 | L1: Tuần 4 | O1: Tháng
C2: KH giao | D2: Thực hiện | E2: Còn lại | F2: KH giao | G2: Thực hiện | H2: Còn lại | I2: KH giao | J2: Thực hiện | K2: Còn lại | L2: KH giao | M2: Thực hiện | N2: Còn lại | O2: KH giao | P2: Thực hiện | Q2: Còn lại | R2: Thang | S2: Nam
A3: TTVT Xuân Lộc | B3: Tiếp thị DV Fiber | C3: 1 | D3: =SUMIFS(Ngay!$B$3:$B$100000,Ngay!$A$3:$A$100000,">=1",Ngay!$A$3:$A$100000,"<=7",Ngay!$Q$3:$Q$100000,$R3,Ngay!$R$3:$R$100000,$S3) | E3: =IF(C3>=D3,C3-D3,0) | F3: 1 | G3: =SUMIFS(Ngay!$B$3:$B$100000,Ngay!$A$3:$A$100000,">=8",Ngay!$A$3:$A$100000,"<=14",Ngay!$Q$3:$Q$100000,$R3,Ngay!$R$3:$R$100000,$S3) | H3: =IF(F3>=G3,F3-G3,0) | I3: 2 | J3: =SUMIFS(Ngay!$B$3:$B$100000,Ngay!$A$3:$A$100000,">=15",Ngay!$A$3:$A$100000,"<=21",Ngay!$Q$3:$Q$100000,$R3,Ngay!$R$3:$R$100000,$S3) | K3: =IF(I3>=J3,I3-J3,0) | L3: 2 | M3: =SUMIFS(Ngay!$B$3:$B$100000,Ngay!$A$3:$A$100000,">=22",Ngay!$A$3:$A$100000,"<=31",Ngay!$Q$3:$Q$100000,$R3,Ngay!$R$3:$R$100000,$S3) | N3: =IF(L3>=M3,L3-M3,0) | O3: 4 | P3: =D3+G3+J3+M3 | Q3: =IF(O3>=P3,O3-P3,0) | R3: 11 | S3: 2025
A4: TTVT Xuân Lộc | B4: Tiếp thị DV MyTV | C4: 1 | D4: =SUMIFS(Ngay!$C$3:$C$100000,Ngay!$A$3:$A$100000,">=1",Ngay!$A$3:$A$100000,"<=7",Ngay!$Q$3:$Q$100000,$R4,Ngay!$R$3:$R$100000,$S4) | E4: =IF(C4>=D4,C4-D4,0) | F4: 1 | G4: =SUMIFS(Ngay!$C$3:$C$100000,Ngay!$A$3:$A$100000,">=8",Ngay!$A$3:$A$100000,"<=14",Ngay!$Q$3:$Q$100000,$R4,Ngay!$R$3:$R$100000,$S4) | H4: =IF(F4>=G4,F4-G4,0) | I4: 2 | J4: =SUMIFS(Ngay!$C$3:$C$100000,Ngay!$A$3:$A$100000,">=15",Ngay!$A$3:$A$100000,"<=21",Ngay!$Q$3:$Q$100000,$R4,Ngay!$R$3:$R$100000,$S4) | K4: =IF(I4>=J4,I4-J4,0) | L4: 2 | M4: =SUMIFS(Ngay!$C$3:$C$100000,Ngay!$A$3:$A$100000,">=22",Ngay!$A$3:$A$100000,"<=31",Ngay!$Q$3:$Q$100000,$R4,Ngay!$R$3:$R$100000,$S4) | N4: =IF(L4>=M4,L4-M4,0) | O4: 5 | P4: =D4+G4+J4+M4 | Q4: =IF(O4>=P4,O4-P4,0) | R4: 11 | S4: 2025
A5: TTVT Xuân Lộc | B5: Tiếp thị DV Camera/Mesh | C5: 1 | D5: =SUMIFS(Ngay!$D$3:$D$100000,Ngay!$A$3:$A$100000,">=1",Ngay!$A$3:$A$100000,"<=7",Ngay!$Q$3:$Q$100000,$R5,Ngay!$R$3:$R$100000,$S5) | E5: =IF(C5>=D5,C5-D5,0) | F5: 1 | G5: =SUMIFS(Ngay!$D$3:$D$100000,Ngay!$A$3:$A$100000,">=8",Ngay!$A$3:$A$100000,"<=14",Ngay!$Q$3:$Q$100000,$R5,Ngay!$R$3:$R$100000,$S5) | H5: =IF(F5>=G5,F5-G5,0) | I5: 2 | J5: =SUMIFS(Ngay!$D$3:$D$100000,Ngay!$A$3:$A$100000,">=15",Ngay!$A$3:$A$100000,"<=21",Ngay!$Q$3:$Q$100000,$R5,Ngay!$R$3:$R$100000,$S5) | K5: =IF(I5>=J5,I5-J5,0) | L5: 2 | M5: =SUMIFS(Ngay!$D$3:$D$100000,Ngay!$A$3:$A$100000,">=22",Ngay!$A$3:$A$100000,"<=31",Ngay!$Q$3:$Q$100000,$R5,Ngay!$R$3:$R$100000,$S5) | N5: =IF(L5>=M5,L5-M5,0) | O5: 6 | P5: =D5+G5+J5+M5 | Q5: =IF(O5>=P5,O5-P5,0) | R5: 11 | S5: 2025
A6: TTVT Xuân Lộc | B6: Tạm ngưng Fiber | D6: =SUMIFS(Ngay!$E$3:$E$100000,Ngay!$A$3:$A$100000,">=1",Ngay!$A$3:$A$100000,"<=7",Ngay!$Q$3:$Q$100000,$R6,Ngay!$R$3:$R$100000,$S6) | E6: =IF(C6>=D6,C6-D6,0) | G6: =SUMIFS(Ngay!$E$3:$E$100000,Ngay!$A$3:$A$100000,">=8",Ngay!$A$3:$A$100000,"<=14",Ngay!$Q$3:$Q$100000,$R6,Ngay!$R$3:$R$100000,$S6) | H6: =IF(F6>=G6,F6-G6,0) | J6: =SUMIFS(Ngay!$E$3:$E$100000,Ngay!$A$3:$A$100000,">=15",Ngay!$A$3:$A$100000,"<=21",Ngay!$Q$3:$Q$100000,$R6,Ngay!$R$3:$R$100000,$S6) | K6: =IF(I6>=J6,I6-J6,0) | M6: =SUMIFS(Ngay!$E$3:$E$100000,Ngay!$A$3:$A$100000,">=22",Ngay!$A$3:$A$100000,"<=31",Ngay!$Q$3:$Q$100000,$R6,Ngay!$R$3:$R$100000,$S6) | N6: =IF(L6>=M6,L6-M6,0) | O6: 4 | P6: =D6+G6+J6+M6 | Q6: =IF(O6>=P6,O6-P6,0) | R6: 11 | S6: 2025
A7: TTVT Xuân Lộc | B7: Tạm ngưng Mytv | D7: =SUMIFS(Ngay!$F$3:$F$100000,Ngay!$A$3:$A$100000,">=1",Ngay!$A$3:$A$100000,"<=7",Ngay!$Q$3:$Q$100000,$R7,Ngay!$R$3:$R$100000,$S7) | E7: =IF(C7>=D7,C7-D7,0) | G7: =SUMIFS(Ngay!$F$3:$F$100000,Ngay!$A$3:$A$100000,">=8",Ngay!$A$3:$A$100000,"<=14",Ngay!$Q$3:$Q$100000,$R7,Ngay!$R$3:$R$100000,$S7) | H7: =IF(F7>=G7,F7-G7,0) | J7: =SUMIFS(Ngay!$F$3:$F$100000,Ngay!$A$3:$A$100000,">=15",Ngay!$A$3:$A$100000,"<=21",Ngay!$Q$3:$Q$100000,$R7,Ngay!$R$3:$R$100000,$S7) | K7: =IF(I7>=J7,I7-J7,0) | M7: =SUMIFS(Ngay!$F$3:$F$100000,Ngay!$A$3:$A$100000,">=22",Ngay!$A$3:$A$100000,"<=31",Ngay!$Q$3:$Q$100000,$R7,Ngay!$R$3:$R$100000,$S7) | N7: =IF(L7>=M7,L7-M7,0) | O7: 2 | P7: =D7+G7+J7+M7 | Q7: =IF(O7>=P7,O7-P7,0) | R7: 11 | S7: 2025
A8: TTVT Xuân Lộc | B8: Thay thế ONT 2 băng tần | C8: 10 | D8: =SUMIFS(Ngay!$G$3:$G$100000,Ngay!$A$3:$A$100000,">=1",Ngay!$A$3:$A$100000,"<=7",Ngay!$Q$3:$Q$100000,$R8,Ngay!$R$3:$R$100000,$S8) | E8: =IF(C8>=D8,C8-D8,0) | F8: 10 | G8: =SUMIFS(Ngay!$G$3:$G$100000,Ngay!$A$3:$A$100000,">=8",Ngay!$A$3:$A$100000,"<=14",Ngay!$Q$3:$Q$100000,$R8,Ngay!$R$3:$R$100000,$S8) | H8: =IF(F8>=G8,F8-G8,0) | I8: 10 | J8: =SUMIFS(Ngay!$G$3:$G$100000,Ngay!$A$3:$A$100000,">=15",Ngay!$A$3:$A$100000,"<=21",Ngay!$Q$3:$Q$100000,$R8,Ngay!$R$3:$R$100000,$S8) | K8: =IF(I8>=J8,I8-J8,0) | L8: 10 | M8: =SUMIFS(Ngay!$G$3:$G$100000,Ngay!$A$3:$A$100000,">=22",Ngay!$A$3:$A$100000,"<=31",Ngay!$Q$3:$Q$100000,$R8,Ngay!$R$3:$R$100000,$S8) | N8: =IF(L8>=M8,L8-M8,0) | O8: 40 | P8: =D8+G8+J8+M8 | Q8: =IF(O8>=P8,O8-P8,0) | R8: 11 | S8: 2025
A9: TTVT Xuân Lộc | B9: CSKH HVC chuyển XGSPON | C9: 10 | D9: =SUMIFS(Ngay!$H$3:$H$100000,Ngay!$A$3:$A$100000,">=1",Ngay!$A$3:$A$100000,"<=7",Ngay!$Q$3:$Q$100000,$R9,Ngay!$R$3:$R$100000,$S9) | E9: =IF(C9>=D9,C9-D9,0) | F9: 10 | G9: =SUMIFS(Ngay!$H$3:$H$100000,Ngay!$A$3:$A$100000,">=8",Ngay!$A$3:$A$100000,"<=14",Ngay!$Q$3:$Q$100000,$R9,Ngay!$R$3:$R$100000,$S9) | H9: =IF(F9>=G9,F9-G9,0) | I9: 10 | J9: =SUMIFS(Ngay!$H$3:$H$100000,Ngay!$A$3:$A$100000,">=15",Ngay!$A$3:$A$100000,"<=31",Ngay!$Q$3:$Q$100000,$R9,Ngay!$R$3:$R$100000,$S9) | K9: =IF(I9>=J9,I9-J9,0) | L9: 10 | M9: =SUMIFS(Ngay!$H$3:$H$100000,Ngay!$A$3:$A$100000,">=22",Ngay!$A$3:$A$100000,"<=31",Ngay!$Q$3:$Q$100000,$R9,Ngay!$R$3:$R$100000,$S9) | N9: =IF(L9>=M9,L9-M9,0) | O9: 20 | P9: =D9+G9+J9+M9 | Q9: =IF(O9>=P9,O9-P9,0) | R9: 11 | S9: 2025
A10: TTVT Xuân Lộc | B10: Phiếu GHTT tháng T | C10: 50 | D10: =SUMIFS(Ngay!$I$3:$I$100000,Ngay!$A$3:$A$100000,">=1",Ngay!$A$3:$A$100000,"<=7",Ngay!$Q$3:$Q$100000,$R10,Ngay!$R$3:$R$100000,$S10) | E10: =IF(C10>=D10,C10-D10,0) | F10: 50 | G10: =SUMIFS(Ngay!$I$3:$I$100000,Ngay!$A$3:$A$100000,">=8",Ngay!$A$3:$A$100000,"<=14",Ngay!$Q$3:$Q$100000,$R10,Ngay!$R$3:$R$100000,$S10) | H10: =IF(F10>=G10,F10-G10,0) | I10: 50 | J10: =SUMIFS(Ngay!$I$3:$I$100000,Ngay!$A$3:$A$100000,">=15",Ngay!$A$3:$A$100000,"<=21",Ngay!$Q$3:$Q$100000,$R10,Ngay!$R$3:$R$100000,$S10) | K10: =IF(I10>=J10,I10-J10,0) | L10: 50 | M10: =SUMIFS(Ngay!$I$3:$I$100000,Ngay!$A$3:$A$100000,">=22",Ngay!$A$3:$A$100000,"<=31",Ngay!$Q$3:$Q$100000,$R10,Ngay!$R$3:$R$100000,$S10) | N10: =IF(L10>=M10,L10-M10,0) | O10: 150 | P10: =D10+G10+J10+M10 | Q10: =IF(O10>=P10,O10-P10,0) | R10: 11 | S10: 2025
A11: TTVT Xuân Lộc | B11: Phiếu GHTT tháng T+1 | C11: 10 | D11: =SUMIFS(Ngay!$J$3:$J$100000,Ngay!$A$3:$A$100000,">=1",Ngay!$A$3:$A$100000,"<=7",Ngay!$Q$3:$Q$100000,$R11,Ngay!$R$3:$R$100000,$S11) | E11: =IF(C11>=D11,C11-D11,0) | F11: 10 | G11: =SUMIFS(Ngay!$J$3:$J$100000,Ngay!$A$3:$A$100000,">=8",Ngay!$A$3:$A$100000,"<=14",Ngay!$Q$3:$Q$100000,$R11,Ngay!$R$3:$R$100000,$S11) | H11: =IF(F11>=G11,F11-G11,0) | I11: 10 | J11: =SUMIFS(Ngay!$J$3:$J$100000,Ngay!$A$3:$A$100000,">=15",Ngay!$A$3:$A$100000,"<=21",Ngay!$Q$3:$Q$100000,$R11,Ngay!$R$3:$R$100000,$S11) | K11: =IF(I11>=J11,I11-J11,0) | L11: 10 | M11: =SUMIFS(Ngay!$J$3:$J$100000,Ngay!$A$3:$A$100000,">=22",Ngay!$A$3:$A$100000,"<=31",Ngay!$Q$3:$Q$100000,$R11,Ngay!$R$3:$R$100000,$S11) | N11: =IF(L11>=M11,L11-M11,0) | O11: 1 | P11: =D11+G11+J11+M11 | Q11: =IF(O11>=P11,O11-P11,0) | R11: 11 | S11: 2025
A12: TTVT Xuân Lộc | B12: Tiếp thị DV Fiber | C12: 1 | D12: =SUMIFS(Ngay!$B$3:$B$100000,Ngay!$A$3:$A$100000,">=1",Ngay!$A$3:$A$100000,"<=7",Ngay!$Q$3:$Q$100000,$R12,Ngay!$R$3:$R$100000,$S12) | E12: =IF(C12>=D12,C12-D12,0) | F12: 1 | G12: =SUMIFS(Ngay!$B$3:$B$100000,Ngay!$A$3:$A$100000,">=8",Ngay!$A$3:$A$100000,"<=14",Ngay!$Q$3:$Q$100000,$R12,Ngay!$R$3:$R$100000,$S12) | H12: =IF(F12>=G12,F12-G12,0) | I12: 2 | J12: =SUMIFS(Ngay!$B$3:$B$100000,Ngay!$A$3:$A$100000,">=15",Ngay!$A$3:$A$100000,"<=21",Ngay!$Q$3:$Q$100000,$R12,Ngay!$R$3:$R$100000,$S12) | K12: =IF(I12>=J12,I12-J12,0) | L12: 2 | M12: =SUMIFS(Ngay!$B$3:$B$100000,Ngay!$A$3:$A$100000,">=22",Ngay!$A$3:$A$100000,"<=31",Ngay!$Q$3:$Q$100000,$R12,Ngay!$R$3:$R$100000,$S12) | N12: =IF(L12>=M12,L12-M12,0) | O12: 4 | P12: =D12+G12+J12+M12 | Q12: =IF(O12>=P12,O12-P12,0) | R12: 12 | S12: 2025
A13: TTVT Xuân Lộc | B13: Tiếp thị DV MyTV | C13: 1 | D13: =SUMIFS(Ngay!$C$3:$C$100000,Ngay!$A$3:$A$100000,">=1",Ngay!$A$3:$A$100000,"<=7",Ngay!$Q$3:$Q$100000,$R13,Ngay!$R$3:$R$100000,$S13) | E13: =IF(C13>=D13,C13-D13,0) | F13: 1 | G13: =SUMIFS(Ngay!$C$3:$C$100000,Ngay!$A$3:$A$100000,">=8",Ngay!$A$3:$A$100000,"<=14",Ngay!$Q$3:$Q$100000,$R13,Ngay!$R$3:$R$100000,$S13) | H13: =IF(F13>=G13,F13-G13,0) | I13: 2 | J13: =SUMIFS(Ngay!$C$3:$C$100000,Ngay!$A$3:$A$100000,">=15",Ngay!$A$3:$A$100000,"<=21",Ngay!$Q$3:$Q$100000,$R13,Ngay!$R$3:$R$100000,$S13) | K13: =IF(I13>=J13,I13-J13,0) | L13: 2 | M13: =SUMIFS(Ngay!$C$3:$C$100000,Ngay!$A$3:$A$100000,">=22",Ngay!$A$3:$A$100000,"<=31",Ngay!$Q$3:$Q$100000,$R13,Ngay!$R$3:$R$100000,$S13) | N13: =IF(L13>=M13,L13-M13,0) | O13: 5 | P13: =D13+G13+J13+M13 | Q13: =IF(O13>=P13,O13-P13,0) | R13: 12 | S13: 2025
A14: TTVT Xuân Lộc | B14: Tiếp thị DV Camera/Mesh | C14: 1 | D14: =SUMIFS(Ngay!$D$3:$D$100000,Ngay!$A$3:$A$100000,">=1",Ngay!$A$3:$A$100000,"<=7",Ngay!$Q$3:$Q$100000,$R14,Ngay!$R$3:$R$100000,$S14) | E14: =IF(C14>=D14,C14-D14,0) | F14: 1 | G14: =SUMIFS(Ngay!$D$3:$D$100000,Ngay!$A$3:$A$100000,">=8",Ngay!$A$3:$A$100000,"<=14",Ngay!$Q$3:$Q$100000,$R14,Ngay!$R$3:$R$100000,$S14) | H14: =IF(F14>=G14,F14-G14,0) | I14: 2 | J14: =SUMIFS(Ngay!$D$3:$D$100000,Ngay!$A$3:$A$100000,">=15",Ngay!$A$3:$A$100000,"<=21",Ngay!$Q$3:$Q$100000,$R14,Ngay!$R$3:$R$100000,$S14) | K14: =IF(I14>=J14,I14-J14,0) | L14: 2 | M14: =SUMIFS(Ngay!$D$3:$D$100000,Ngay!$A$3:$A$100000,">=22",Ngay!$A$3:$A$100000,"<=31",Ngay!$Q$3:$Q$100000,$R14,Ngay!$R$3:$R$100000,$S14) | N14: =IF(L14>=M14,L14-M14,0) | O14: 6 | P14: =D14+G14+J14+M14 | Q14: =IF(O14>=P14,O14-P14,0) | R14: 12 | S14: 2025
A15: TTVT Xuân Lộc | B15: Tạm ngưng Fiber | D15: =SUMIFS(Ngay!$E$3:$E$100000,Ngay!$A$3:$A$100000,">=1",Ngay!$A$3:$A$100000,"<=7",Ngay!$Q$3:$Q$100000,$R15,Ngay!$R$3:$R$100000,$S15) | E15: =IF(C15>=D15,C15-D15,0) | G15: =SUMIFS(Ngay!$E$3:$E$100000,Ngay!$A$3:$A$100000,">=8",Ngay!$A$3:$A$100000,"<=14",Ngay!$Q$3:$Q$100000,$R15,Ngay!$R$3:$R$100000,$S15) | H15: =IF(F15>=G15,F15-G15,0) | J15: =SUMIFS(Ngay!$E$3:$E$100000,Ngay!$A$3:$A$100000,">=15",Ngay!$A$3:$A$100000,"<=21",Ngay!$Q$3:$Q$100000,$R15,Ngay!$R$3:$R$100000,$S15) | K15: =IF(I15>=J15,I15-J15,0) | M15: =SUMIFS(Ngay!$E$3:$E$100000,Ngay!$A$3:$A$100000,">=22",Ngay!$A$3:$A$100000,"<=31",Ngay!$Q$3:$Q$100000,$R15,Ngay!$R$3:$R$100000,$S15) | N15: =IF(L15>=M15,L15-M15,0) | O15: 4 | P15: =D15+G15+J15+M15 | Q15: =IF(O15>=P15,O15-P15,0) | R15: 12 | S15: 2025
A16: TTVT Xuân Lộc | B16: Tạm ngưng Mytv | D16: =SUMIFS(Ngay!$F$3:$F$100000,Ngay!$A$3:$A$100000,">=1",Ngay!$A$3:$A$100000,"<=7",Ngay!$Q$3:$Q$100000,$R16,Ngay!$R$3:$R$100000,$S16) | E16: =IF(C16>=D16,C16-D16,0) | G16: =SUMIFS(Ngay!$F$3:$F$100000,Ngay!$A$3:$A$100000,">=8",Ngay!$A$3:$A$100000,"<=14",Ngay!$Q$3:$Q$100000,$R16,Ngay!$R$3:$R$100000,$S16) | H16: =IF(F16>=G16,F16-G16,0) | J16: =SUMIFS(Ngay!$F$3:$F$100000,Ngay!$A$3:$A$100000,">=15",Ngay!$A$3:$A$100000,"<=21",Ngay!$Q$3:$Q$100000,$R16,Ngay!$R$3:$R$100000,$S16) | K16: =IF(I16>=J16,I16-J16,0) | M16: =SUMIFS(Ngay!$F$3:$F$100000,Ngay!$A$3:$A$100000,">=22",Ngay!$A$3:$A$100000,"<=31",Ngay!$Q$3:$Q$100000,$R16,Ngay!$R$3:$R$100000,$S16) | N16: =IF(L16>=M16,L16-M16,0) | O16: 2 | P16: =D16+G16+J16+M16 | Q16: =IF(O16>=P16,O16-P16,0) | R16: 12 | S16: 2025
A17: TTVT Xuân Lộc | B17: Thay thế ONT 2 băng tần | C17: 10 | D17: =SUMIFS(Ngay!$G$3:$G$100000,Ngay!$A$3:$A$100000,">=1",Ngay!$A$3:$A$100000,"<=7",Ngay!$Q$3:$Q$100000,$R17,Ngay!$R$3:$R$100000,$S17) | E17: =IF(C17>=D17,C17-D17,0) | F17: 10 | G17: =SUMIFS(Ngay!$G$3:$G$100000,Ngay!$A$3:$A$100000,">=8",Ngay!$A$3:$A$100000,"<=14",Ngay!$Q$3:$Q$100000,$R17,Ngay!$R$3:$R$100000,$S17) | H17: =IF(F17>=G17,F17-G17,0) | I17: 10 | J17: =SUMIFS(Ngay!$G$3:$G$100000,Ngay!$A$3:$A$100000,">=15",Ngay!$A$3:$A$100000,"<=21",Ngay!$Q$3:$Q$100000,$R17,Ngay!$R$3:$R$100000,$S17) | K17: =IF(I17>=J17,I17-J17,0) | L17: 10 | M17: =SUMIFS(Ngay!$G$3:$G$100000,Ngay!$A$3:$A$100000,">=22",Ngay!$A$3:$A$100000,"<=31",Ngay!$Q$3:$Q$100000,$R17,Ngay!$R$3:$R$100000,$S17) | N17: =IF(L17>=M17,L17-M17,0) | O17: 40 | P17: =D17+G17+J17+M17 | Q17: =IF(O17>=P17,O17-P17,0) | R17: 12 | S17: 2025
A18: TTVT Xuân Lộc | B18: CSKH HVC chuyển XGSPON | C18: 10 | D18: =SUMIFS(Ngay!$H$3:$H$100000,Ngay!$A$3:$A$100000,">=1",Ngay!$A$3:$A$100000,"<=7",Ngay!$Q$3:$Q$100000,$R18,Ngay!$R$3:$R$100000,$S18) | E18: =IF(C18>=D18,C18-D18,0) | F18: 10 | G18: =SUMIFS(Ngay!$H$3:$H$100000,Ngay!$A$3:$A$100000,">=8",Ngay!$A$3:$A$100000,"<=14",Ngay!$Q$3:$Q$100000,$R18,Ngay!$R$3:$R$100000,$S18) | H18: =IF(F18>=G18,F18-G18,0) | I18: 10 | J18: =SUMIFS(Ngay!$H$3:$H$100000,Ngay!$A$3:$A$100000,">=15",Ngay!$A$3:$A$100000,"<=15",Ngay!$Q$3:$Q$100000,$R18,Ngay!$R$3:$R$100000,$S18) | K18: =IF(I18>=J18,I18-J18,0) | L18: 10 | M18: =SUMIFS(Ngay!$H$3:$H$100000,Ngay!$A$3:$A$100000,">=22",Ngay!$A$3:$A$100000,"<=31",Ngay!$Q$3:$Q$100000,$R18,Ngay!$R$3:$R$100000,$S18) | N18: =IF(L18>=M18,L18-M18,0) | O18: 20 | P18: =D18+G18+J18+M18 | Q18: =IF(O18>=P18,O18-P18,0) | R18: 12 | S18: 2025
A19: TTVT Xuân Lộc | B19: Phiếu GHTT tháng T | C19: 50 | D19: =SUMIFS(Ngay!$I$3:$I$100000,Ngay!$A$3:$A$100000,">=1",Ngay!$A$3:$A$100000,"<=7",Ngay!$Q$3:$Q$100000,$R19,Ngay!$R$3:$R$100000,$S19) | E19: =IF(C19>=D19,C19-D19,0) | F19: 50 | G19: =SUMIFS(Ngay!$I$3:$I$100000,Ngay!$A$3:$A$100000,">=8",Ngay!$A$3:$A$100000,"<=14",Ngay!$Q$3:$Q$100000,$R19,Ngay!$R$3:$R$100000,$S19) | H19: =IF(F19>=G19,F19-G19,0) | I19: 50 | J19: =SUMIFS(Ngay!$I$3:$I$100000,Ngay!$A$3:$A$100000,">=15",Ngay!$A$3:$A$100000,"<=21",Ngay!$Q$3:$Q$100000,$R19,Ngay!$R$3:$R$100000,$S19) | K19: =IF(I19>=J19,I19-J19,0) | L19: 50 | M19: =SUMIFS(Ngay!$I$3:$I$100000,Ngay!$A$3:$A$100000,">=22",Ngay!$A$3:$A$100000,"<=31",Ngay!$Q$3:$Q$100000,$R19,Ngay!$R$3:$R$100000,$S19) | N19: =IF(L19>=M19,L19-M19,0) | O19: 150 | P19: =D19+G19+J19+M19 | Q19: =IF(O19>=P19,O19-P19,0) | R19: 12 | S19: 2025
A20: TTVT Xuân Lộc | B20: Phiếu GHTT tháng T+1 | C20: 10 | D20: =SUMIFS(Ngay!$J$3:$J$100000,Ngay!$A$3:$A$100000,">=1",Ngay!$A$3:$A$100000,"<=7",Ngay!$Q$3:$Q$100000,$R20,Ngay!$R$3:$R$100000,$S20) | E20: =IF(C20>=D20,C20-D20,0) | F20: 10 | G20: =SUMIFS(Ngay!$J$3:$J$100000,Ngay!$A$3:$A$100000,">=8",Ngay!$A$3:$A$100000,"<=14",Ngay!$Q$3:$Q$100000,$R20,Ngay!$R$3:$R$100000,$S20) | H20: =IF(F20>=G20,F20-G20,0) | I20: 10 | J20: =SUMIFS(Ngay!$J$3:$J$100000,Ngay!$A$3:$A$100000,">=15",Ngay!$A$3:$A$100000,"<=21",Ngay!$Q$3:$Q$100000,$R20,Ngay!$R$3:$R$100000,$S20) | K20: =IF(I20>=J20,I20-J20,0) | L20: 10 | M20: =SUMIFS(Ngay!$J$3:$J$100000,Ngay!$A$3:$A$100000,">=22",Ngay!$A$3:$A$100000,"<=31",Ngay!$Q$3:$Q$100000,$R20,Ngay!$R$3:$R$100000,$S20) | N20: =IF(L20>=M20,L20-M20,0) | O20: 1 | P20: =D20+G20+J20+M20 | Q20: =IF(O20>=P20,O20-P20,0) | R20: 12 | S20: 2025
A21: TTVT Xuân Lộc | B21: Tiếp thị DV Fiber | C21: 1 | D21: =SUMIFS(Ngay!$B$3:$B$100000,Ngay!$A$3:$A$100000,">=1",Ngay!$A$3:$A$100000,"<=7",Ngay!$Q$3:$Q$100000,$R21,Ngay!$R$3:$R$100000,$S21) | E21: =IF(C21>=D21,C21-D21,0) | F21: 1 | G21: =SUMIFS(Ngay!$B$3:$B$100000,Ngay!$A$3:$A$100000,">=8",Ngay!$A$3:$A$100000,"<=14",Ngay!$Q$3:$Q$100000,$R21,Ngay!$R$3:$R$100000,$S21) | H21: =IF(F21>=G21,F21-G21,0) | I21: 2 | J21: =SUMIFS(Ngay!$B$3:$B$100000,Ngay!$A$3:$A$100000,">=15",Ngay!$A$3:$A$100000,"<=21",Ngay!$Q$3:$Q$100000,$R21,Ngay!$R$3:$R$100000,$S21) | K21: =IF(I21>=J21,I21-J21,0) | L21: 2 | M21: =SUMIFS(Ngay!$B$3:$B$100000,Ngay!$A$3:$A$100000,">=22",Ngay!$A$3:$A$100000,"<=31",Ngay!$Q$3:$Q$100000,$R21,Ngay!$R$3:$R$100000,$S21) | N21: =IF(L21>=M21,L21-M21,0) | O21: 4 | P21: =D21+G21+J21+M21 | Q21: =IF(O21>=P21,O21-P21,0) | R21: 1 | S21: 2026
A22: TTVT Xuân Lộc | B22: Tiếp thị DV MyTV | C22: 1 | D22: =SUMIFS(Ngay!$C$3:$C$100000,Ngay!$A$3:$A$100000,">=1",Ngay!$A$3:$A$100000,"<=7",Ngay!$Q$3:$Q$100000,$R22,Ngay!$R$3:$R$100000,$S22) | E22: =IF(C22>=D22,C22-D22,0) | F22: 1 | G22: =SUMIFS(Ngay!$C$3:$C$100000,Ngay!$A$3:$A$100000,">=8",Ngay!$A$3:$A$100000,"<=14",Ngay!$Q$3:$Q$100000,$R22,Ngay!$R$3:$R$100000,$S22) | H22: =IF(F22>=G22,F22-G22,0) | I22: 2 | J22: =SUMIFS(Ngay!$C$3:$C$100000,Ngay!$A$3:$A$100000,">=15",Ngay!$A$3:$A$100000,"<=21",Ngay!$Q$3:$Q$100000,$R22,Ngay!$R$3:$R$100000,$S22) | K22: =IF(I22>=J22,I22-J22,0) | L22: 2 | M22: =SUMIFS(Ngay!$C$3:$C$100000,Ngay!$A$3:$A$100000,">=22",Ngay!$A$3:$A$100000,"<=31",Ngay!$Q$3:$Q$100000,$R22,Ngay!$R$3:$R$100000,$S22) | N22: =IF(L22>=M22,L22-M22,0) | O22: 5 | P22: =D22+G22+J22+M22 | Q22: =IF(O22>=P22,O22-P22,0) | R22: 1 | S22: 2026
A23: TTVT Xuân Lộc | B23: Tiếp thị DV Camera/Mesh | C23: 1 | D23: =SUMIFS(Ngay!$D$3:$D$100000,Ngay!$A$3:$A$100000,">=1",Ngay!$A$3:$A$100000,"<=7",Ngay!$Q$3:$Q$100000,$R23,Ngay!$R$3:$R$100000,$S23) | E23: =IF(C23>=D23,C23-D23,0) | F23: 1 | G23: =SUMIFS(Ngay!$D$3:$D$100000,Ngay!$A$3:$A$100000,">=8",Ngay!$A$3:$A$100000,"<=14",Ngay!$Q$3:$Q$100000,$R23,Ngay!$R$3:$R$100000,$S23) | H23: =IF(F23>=G23,F23-G23,0) | I23: 2 | J23: =SUMIFS(Ngay!$D$3:$D$100000,Ngay!$A$3:$A$100000,">=15",Ngay!$A$3:$A$100000,"<=21",Ngay!$Q$3:$Q$100000,$R23,Ngay!$R$3:$R$100000,$S23) | K23: =IF(I23>=J23,I23-J23,0) | L23: 2 | M23: =SUMIFS(Ngay!$D$3:$D$100000,Ngay!$A$3:$A$100000,">=22",Ngay!$A$3:$A$100000,"<=31",Ngay!$Q$3:$Q$100000,$R23,Ngay!$R$3:$R$100000,$S23) | N23: =IF(L23>=M23,L23-M23,0) | O23: 6 | P23: =D23+G23+J23+M23 | Q23: =IF(O23>=P23,O23-P23,0) | R23: 1 | S23: 2026
A24: TTVT Xuân Lộc | B24: Tạm ngưng Fiber | D24: =SUMIFS(Ngay!$E$3:$E$100000,Ngay!$A$3:$A$100000,">=1",Ngay!$A$3:$A$100000,"<=7",Ngay!$Q$3:$Q$100000,$R24,Ngay!$R$3:$R$100000,$S24) | E24: =IF(C24>=D24,C24-D24,0) | G24: =SUMIFS(Ngay!$E$3:$E$100000,Ngay!$A$3:$A$100000,">=8",Ngay!$A$3:$A$100000,"<=14",Ngay!$Q$3:$Q$100000,$R24,Ngay!$R$3:$R$100000,$S24) | H24: =IF(F24>=G24,F24-G24,0) | J24: =SUMIFS(Ngay!$E$3:$E$100000,Ngay!$A$3:$A$100000,">=15",Ngay!$A$3:$A$100000,"<=21",Ngay!$Q$3:$Q$100000,$R24,Ngay!$R$3:$R$100000,$S24) | K24: =IF(I24>=J24,I24-J24,0) | M24: =SUMIFS(Ngay!$E$3:$E$100000,Ngay!$A$3:$A$100000,">=22",Ngay!$A$3:$A$100000,"<=31",Ngay!$Q$3:$Q$100000,$R24,Ngay!$R$3:$R$100000,$S24) | N24: =IF(L24>=M24,L24-M24,0) | O24: 4 | P24: =D24+G24+J24+M24 | Q24: =IF(O24>=P24,O24-P24,0) | R24: 1 | S24: 2026
A25: TTVT Xuân Lộc | B25: Tạm ngưng Mytv | D25: =SUMIFS(Ngay!$F$3:$F$100000,Ngay!$A$3:$A$100000,">=1",Ngay!$A$3:$A$100000,"<=7",Ngay!$Q$3:$Q$100000,$R25,Ngay!$R$3:$R$100000,$S25) | E25: =IF(C25>=D25,C25-D25,0) | G25: =SUMIFS(Ngay!$F$3:$F$100000,Ngay!$A$3:$A$100000,">=8",Ngay!$A$3:$A$100000,"<=14",Ngay!$Q$3:$Q$100000,$R25,Ngay!$R$3:$R$100000,$S25) | H25: =IF(F25>=G25,F25-G25,0) | J25: =SUMIFS(Ngay!$F$3:$F$100000,Ngay!$A$3:$A$100000,">=15",Ngay!$A$3:$A$100000,"<=21",Ngay!$Q$3:$Q$100000,$R25,Ngay!$R$3:$R$100000,$S25) | K25: =IF(I25>=J25,I25-J25,0) | M25: =SUMIFS(Ngay!$F$3:$F$100000,Ngay!$A$3:$A$100000,">=22",Ngay!$A$3:$A$100000,"<=31",Ngay!$Q$3:$Q$100000,$R25,Ngay!$R$3:$R$100000,$S25) | N25: =IF(L25>=M25,L25-M25,0) | O25: 2 | P25: =D25+G25+J25+M25 | Q25: =IF(O25>=P25,O25-P25,0) | R25: 1 | S25: 2026
A26: TTVT Xuân Lộc | B26: Thay thế ONT 2 băng tần | C26: 10 | D26: =SUMIFS(Ngay!$G$3:$G$100000,Ngay!$A$3:$A$100000,">=1",Ngay!$A$3:$A$100000,"<=7",Ngay!$Q$3:$Q$100000,$R26,Ngay!$R$3:$R$100000,$S26) | E26: =IF(C26>=D26,C26-D26,0) | F26: 10 | G26: =SUMIFS(Ngay!$G$3:$G$100000,Ngay!$A$3:$A$100000,">=8",Ngay!$A$3:$A$100000,"<=14",Ngay!$Q$3:$Q$100000,$R26,Ngay!$R$3:$R$100000,$S26) | H26: =IF(F26>=G26,F26-G26,0) | I26: 10 | J26: =SUMIFS(Ngay!$G$3:$G$100000,Ngay!$A$3:$A$100000,">=15",Ngay!$A$3:$A$100000,"<=21",Ngay!$Q$3:$Q$100000,$R26,Ngay!$R$3:$R$100000,$S26) | K26: =IF(I26>=J26,I26-J26,0) | L26: 10 | M26: =SUMIFS(Ngay!$G$3:$G$100000,Ngay!$A$3:$A$100000,">=22",Ngay!$A$3:$A$100000,"<=31",Ngay!$Q$3:$Q$100000,$R26,Ngay!$R$3:$R$100000,$S26) | N26: =IF(L26>=M26,L26-M26,0) | O26: 40 | P26: =D26+G26+J26+M26 | Q26: =IF(O26>=P26,O26-P26,0) | R26: 1 | S26: 2026
A27: TTVT Xuân Lộc | B27: CSKH HVC chuyển XGSPON | C27: 10 | D27: =SUMIFS(Ngay!$H$3:$H$100000,Ngay!$A$3:$A$100000,">=1",Ngay!$A$3:$A$100000,"<=7",Ngay!$Q$3:$Q$100000,$R27,Ngay!$R$3:$R$100000,$S27) | E27: =IF(C27>=D27,C27-D27,0) | F27: 10 | G27: =SUMIFS(Ngay!$H$3:$H$100000,Ngay!$A$3:$A$100000,">=8",Ngay!$A$3:$A$100000,"<=14",Ngay!$Q$3:$Q$100000,$R27,Ngay!$R$3:$R$100000,$S27) | H27: =IF(F27>=G27,F27-G27,0) | I27: 10 | J27: =SUMIFS(Ngay!$H$3:$H$100000,Ngay!$A$3:$A$100000,">=15",Ngay!$A$3:$A$100000,"<=15",Ngay!$Q$3:$Q$100000,$R27,Ngay!$R$3:$R$100000,$S27) | K27: =IF(I27>=J27,I27-J27,0) | L27: 10 | M27: =SUMIFS(Ngay!$H$3:$H$100000,Ngay!$A$3:$A$100000,">=22",Ngay!$A$3:$A$100000,"<=31",Ngay!$Q$3:$Q$100000,$R27,Ngay!$R$3:$R$100000,$S27) | N27: =IF(L27>=M27,L27-M27,0) | O27: 20 | P27: =D27+G27+J27+M27 | Q27: =IF(O27>=P27,O27-P27,0) | R27: 1 | S27: 2026
A28: TTVT Xuân Lộc | B28: Phiếu GHTT tháng T | C28: 50 | D28: =SUMIFS(Ngay!$I$3:$I$100000,Ngay!$A$3:$A$100000,">=1",Ngay!$A$3:$A$100000,"<=7",Ngay!$Q$3:$Q$100000,$R28,Ngay!$R$3:$R$100000,$S28) | E28: =IF(C28>=D28,C28-D28,0) | F28: 50 | G28: =SUMIFS(Ngay!$I$3:$I$100000,Ngay!$A$3:$A$100000,">=8",Ngay!$A$3:$A$100000,"<=14",Ngay!$Q$3:$Q$100000,$R28,Ngay!$R$3:$R$100000,$S28) | H28: =IF(F28>=G28,F28-G28,0) | I28: 50 | J28: =SUMIFS(Ngay!$I$3:$I$100000,Ngay!$A$3:$A$100000,">=15",Ngay!$A$3:$A$100000,"<=21",Ngay!$Q$3:$Q$100000,$R28,Ngay!$R$3:$R$100000,$S28) | K28: =IF(I28>=J28,I28-J28,0) | L28: 50 | M28: =SUMIFS(Ngay!$I$3:$I$100000,Ngay!$A$3:$A$100000,">=22",Ngay!$A$3:$A$100000,"<=31",Ngay!$Q$3:$Q$100000,$R28,Ngay!$R$3:$R$100000,$S28) | N28: =IF(L28>=M28,L28-M28,0) | O28: 150 | P28: =D28+G28+J28+M28 | Q28: =IF(O28>=P28,O28-P28,0) | R28: 1 | S28: 2026
A29: TTVT Xuân Lộc | B29: Phiếu GHTT tháng T+1 | C29: 10 | D29: =SUMIFS(Ngay!$J$3:$J$100000,Ngay!$A$3:$A$100000,">=1",Ngay!$A$3:$A$100000,"<=7",Ngay!$Q$3:$Q$100000,$R29,Ngay!$R$3:$R$100000,$S29) | E29: =IF(C29>=D29,C29-D29,0) | F29: 10 | G29: =SUMIFS(Ngay!$J$3:$J$100000,Ngay!$A$3:$A$100000,">=8",Ngay!$A$3:$A$100000,"<=14",Ngay!$Q$3:$Q$100000,$R29,Ngay!$R$3:$R$100000,$S29) | H29: =IF(F29>=G29,F29-G29,0) | I29: 10 | J29: =SUMIFS(Ngay!$J$3:$J$100000,Ngay!$A$3:$A$100000,">=15",Ngay!$A$3:$A$100000,"<=21",Ngay!$Q$3:$Q$100000,$R29,Ngay!$R$3:$R$100000,$S29) | K29: =IF(I29>=J29,I29-J29,0) | L29: 10 | M29: =SUMIFS(Ngay!$J$3:$J$100000,Ngay!$A$3:$A$100000,">=22",Ngay!$A$3:$A$100000,"<=31",Ngay!$Q$3:$Q$100000,$R29,Ngay!$R$3:$R$100000,$S29) | N29: =IF(L29>=M29,L29-M29,0) | O29: 1 | P29: =D29+G29+J29+M29 | Q29: =IF(O29>=P29,O29-P29,0) | R29: 1 | S29: 2026

Sheet Tuan_CaNhan
C1: Tuần 1 | F1: Tuần 2 | I1: Tuần 3 | L1: Tuần 4 | O1: Tháng
A2: Nhân Viên | B2: Mục tiêu | C2: KH giao | D2: Thực hiện | E2: Còn lại | F2: KH giao | G2: Thực hiện | H2: Còn lại | I2: KH giao | J2: Thực hiện | K2: Còn lại | L2: KH giao | M2: Thực hiện | N2: Còn lại | O2: KH giao | P2: Thực hiện | Q2: Còn lại | R2: Thang
A3: Trần Trung Giang | B3: Tiếp thị DV Fiber | C3: 2 | D3: =SUMIFS(DuLieu!$D$3:$D$11921,DuLieu!$B$3:$B$101921,$A3,DuLieu!$T$3:$T$101921,">=1", DuLieu!$T$3:$T$101921,"<=7",DuLieu!$U$3:$U$101921,$R3) | E3: =IF(C3>=D3,C3-D3,0) | F3: 2 | G3: =SUMIFS(DuLieu!$D$3:$D$11921,DuLieu!$B$3:$B$101921,$A3,DuLieu!$T$3:$T$101921,">=8", DuLieu!$T$3:$T$101921,"<=14",DuLieu!$U$3:$U$101921,$R3) | H3: =IF(F3>=G3,F3-G3,0) | I3: 2 | J3: =SUMIFS(DuLieu!$D$3:$D$11921,DuLieu!$B$3:$B$101921,$A3,DuLieu!$T$3:$T$101921,">=15", DuLieu!$T$3:$T$101921,"<=21",DuLieu!$U$3:$U$101921,$R3) | K3: =IF(I3>=J3,I3-J3,0) | L3: 1 | M3: =SUMIFS(DuLieu!$D$3:$D$101921,DuLieu!$B$3:$B$101921,$A3,DuLieu!$T$3:$T$101921,">=1", DuLieu!$T$3:$T$101921,"<=7",DuLieu!$U$3:$U$101921,$R3) | N3: =IF(L3>=M3,L3-M3,0) | O3: 4 | P3: =$D3+$G3+$J3+$M3 | Q3: =IF(O3>=P3,O3-P3,0) | R3: 11
A4: Trần Trung Giang | B4: Tiếp thị DV MyTV | C4: 2 | D4: =SUMIFS(DuLieu!$E$3:$E$11921,DuLieu!$B$3:$B$101921,$A4,DuLieu!$T$3:$T$101921,">=1", DuLieu!$T$3:$T$101921,"<=7",DuLieu!$U$3:$U$101921,$R4) | E4: =IF(C4>=D4,C4-D4,0) | F4: 2 | G4: =SUMIFS(DuLieu!$E$3:$E$11921,DuLieu!$B$3:$B$101921,$A4,DuLieu!$T$3:$T$101921,">=8", DuLieu!$T$3:$T$101921,"<=14",DuLieu!$U$3:$U$101921,$R4) | H4: =IF(F4>=G4,F4-G4,0) | I4: 2 | J4: =SUMIFS(DuLieu!$E$3:$E$11921,DuLieu!$B$3:$B$101921,$A4,DuLieu!$T$3:$T$101921,">=15", DuLieu!$T$3:$T$101921,"<=21",DuLieu!$U$3:$U$101921,$R4) | K4: =IF(I4>=J4,I4-J4,0) | L4: 1 | M4: =SUMIFS(DuLieu!$D$3:$D$101921,DuLieu!$B$3:$B$101921,$A4,DuLieu!$T$3:$T$101921,">=1", DuLieu!$T$3:$T$101921,"<=7",DuLieu!$U$3:$U$101921,$R4) | N4: =IF(L4>=M4,L4-M4,0) | O4: 5 | P4: =$D4+$G4+$J4+$M4 | Q4: =IF(O4>=P4,O4-P4,0) | R4: 11
A5: Trần Trung Giang | B5: Tiếp thị DV Camera/Mesh | C5: 1 | D5: =SUMIFS(DuLieu!$F$3:$F$11921,DuLieu!$B$3:$B$101921,$A5,DuLieu!$T$3:$T$101921,">=1", DuLieu!$T$3:$T$101921,"<=7",DuLieu!$U$3:$U$101921,$R5) | E5: =IF(C5>=D5,C5-D5,0) | F5: 1 | G5: =SUMIFS(DuLieu!$F$3:$F$11921,DuLieu!$B$3:$B$101921,$A5,DuLieu!$T$3:$T$101921,">=8", DuLieu!$T$3:$T$101921,"<=14",DuLieu!$U$3:$U$101921,$R5) | H5: =IF(F5>=G5,F5-G5,0) | I5: 0 | J5: =SUMIFS(DuLieu!$F$3:$F$11921,DuLieu!$B$3:$B$101921,$A5,DuLieu!$T$3:$T$101921,">=15", DuLieu!$T$3:$T$101921,"<=21",DuLieu!$U$3:$U$101921,$R5) | K5: =IF(I5>=J5,I5-J5,0) | L5: 0 | M5: =SUMIFS(DuLieu!$D$3:$D$101921,DuLieu!$B$3:$B$101921,$A5,DuLieu!$T$3:$T$101921,">=1", DuLieu!$T$3:$T$101921,"<=7",DuLieu!$U$3:$U$101921,$R5) | N5: =IF(L5>=M5,L5-M5,0) | O5: 6 | P5: =$D5+$G5+$J5+$M5 | Q5: =IF(O5>=P5,O5-P5,0) | R5: 11
A6: Trần Trung Giang | B6: Tạm ngưng Fiber | C6: 1 | D6: =SUMIFS(DuLieu!$G$3:$G$11921,DuLieu!$B$3:$B$101921,$A6,DuLieu!$T$3:$T$101921,">=1", DuLieu!$T$3:$T$101921,"<=7",DuLieu!$U$3:$U$101921,$R6) | E6: =IF(C6>=D6,C6-D6,0) | F6: 1 | G6: =SUMIFS(DuLieu!$G$3:$G$11921,DuLieu!$B$3:$B$101921,D6,DuLieu!$T$3:$T$101921,">=8", DuLieu!$T$3:$T$101921,"<=14",DuLieu!$U$3:$U$101921,$R6) | H6: =IF(F6>=G6,F6-G6,0) | I6: 1 | J6: =SUMIFS(DuLieu!$G$3:$G$11921,DuLieu!$B$3:$B$101921,$A6,DuLieu!$T$3:$T$101921,">=15", DuLieu!$T$3:$T$101921,"<=21",DuLieu!$U$3:$U$101921,$R6) | K6: =IF(I6>=J6,I6-J6,0) | L6: 1 | M6: =SUMIFS(DuLieu!$D$3:$D$101921,DuLieu!$B$3:$B$101921,$A6,DuLieu!$T$3:$T$101921,">=1", DuLieu!$T$3:$T$101921,"<=7",DuLieu!$U$3:$U$101921,$R6) | N6: =IF(L6>=M6,L6-M6,0) | O6: 4 | P6: =$D6+$G6+$J6+$M6 | Q6: =IF(O6>=P6,O6-P6,0) | R6: 11
A7: Trần Trung Giang | B7: Tạm ngưng Mytv | C7: 2 | D7: =SUMIFS(DuLieu!$H$3:$H$11921,DuLieu!$B$3:$B$101921,$A7,DuLieu!$T$3:$T$101921,">=1", DuLieu!$T$3:$T$101921,"<=7",DuLieu!$U$3:$U$101921,$R7) | E7: =IF(C7>=D7,C7-D7,0) | F7: 1 | G7: =SUMIFS(DuLieu!$H$3:$H$11921,DuLieu!$B$3:$B$101921,$A7,DuLieu!$T$3:$T$101921,">=8", DuLieu!$T$3:$T$101921,"<=14",DuLieu!$U$3:$U$101921,$R7) | H7: =IF(F7>=G7,F7-G7,0) | I7: 1 | J7: =SUMIFS(DuLieu!$H$3:$H$11921,DuLieu!$B$3:$B$101921,$A7,DuLieu!$T$3:$T$101921,">=15", DuLieu!$T$3:$T$101921,"<=21",DuLieu!$U$3:$U$101921,$R7) | K7: =IF(I7>=J7,I7-J7,0) | L7: 1 | M7: =SUMIFS(DuLieu!$D$3:$D$101921,DuLieu!$B$3:$B$101921,$A7,DuLieu!$T$3:$T$101921,">=1", DuLieu!$T$3:$T$101921,"<=7",DuLieu!$U$3:$U$101921,$R7) | N7: =IF(L7>=M7,L7-M7,0) | O7: 2 | P7: =$D7+$G7+$J7+$M7 | Q7: =IF(O7>=P7,O7-P7,0) | R7: 11
A8: Trần Trung Giang | B8: Thay thế ONT 2 băng tần | C8: 6 | D8: =SUMIFS(DuLieu!$I$3:$I$11921,DuLieu!$B$3:$B$101921,$A8,DuLieu!$T$3:$T$101921,">=1", DuLieu!$T$3:$T$101921,"<=7",DuLieu!$U$3:$U$101921,$R8) | E8: =IF(C8>=D8,C8-D8,0) | F8: 6 | G8: =SUMIFS(DuLieu!$I$3:$I$11921,DuLieu!$B$3:$B$101921,$A8,DuLieu!$T$3:$T$101921,">=8", DuLieu!$T$3:$T$101921,"<=14",DuLieu!$U$3:$U$101921,$R8) | H8: =IF(F8>=G8,F8-G8,0) | I8: 6 | J8: =SUMIFS(DuLieu!$I$3:$I$11921,DuLieu!$B$3:$B$101921,$A8,DuLieu!$T$3:$T$101921,">=15", DuLieu!$T$3:$T$101921,"<=21",DuLieu!$U$3:$U$101921,$R8) | K8: =IF(I8>=J8,I8-J8,0) | L8: 5 | M8: =SUMIFS(DuLieu!$D$3:$D$101921,DuLieu!$B$3:$B$101921,$A8,DuLieu!$T$3:$T$101921,">=1", DuLieu!$T$3:$T$101921,"<=7",DuLieu!$U$3:$U$101921,$R8) | N8: =IF(L8>=M8,L8-M8,0) | O8: 40 | P8: =$D8+$G8+$J8+$M8 | Q8: =IF(O8>=P8,O8-P8,0) | R8: 11
A9: Trần Trung Giang | B9: CSKH HVC chuyển XGSPON | C9: 0 | D9: =SUMIFS(DuLieu!$J$3:$J$11921,DuLieu!$B$3:$B$101921,$A9,DuLieu!$T$3:$T$101921,">=1", DuLieu!$T$3:$T$101921,"<=7",DuLieu!$U$3:$U$101921,$R9) | E9: =IF(C9>=D9,C9-D9,0) | F9: 0 | G9: =SUMIFS(DuLieu!$J$3:$J$11921,DuLieu!$B$3:$B$101921,$A9,DuLieu!$T$3:$T$101921,">=8", DuLieu!$T$3:$T$101921,"<=14",DuLieu!$U$3:$U$101921,$R9) | H9: =IF(F9>=G9,F9-G9,0) | J9: =SUMIFS(DuLieu!$J$3:$J$11921,DuLieu!$B$3:$B$101921,$A9,DuLieu!$T$3:$T$101921,">=15", DuLieu!$T$3:$T$101921,"<=21",DuLieu!$U$3:$U$101921,$R9) | K9: =IF(I9>=J9,I9-J9,0) | M9: =SUMIFS(DuLieu!$D$3:$D$101921,DuLieu!$B$3:$B$101921,$A9,DuLieu!$T$3:$T$101921,">=1", DuLieu!$T$3:$T$101921,"<=7",DuLieu!$U$3:$U$101921,$R9) | N9: =IF(L9>=M9,L9-M9,0) | O9: 20 | P9: =$D9+$G9+$J9+$M9 | Q9: =IF(O9>=P9,O9-P9,0) | R9: 11
A10: Trần Trung Giang | B10: Phiếu GHTT tháng T | C10: 16 | D10: =SUMIFS(DuLieu!$K$3:$K$11921,DuLieu!$B$3:$B$101921,$A10,DuLieu!$T$3:$T$101921,">=1", DuLieu!$T$3:$T$101921,"<=7",DuLieu!$U$3:$U$101921,$R10) | E10: =IF(C10>=D10,C10-D10,0) | F10: 16 | G10: =SUMIFS(DuLieu!$K$3:$K$11921,DuLieu!$B$3:$B$101921,$A10,DuLieu!$T$3:$T$101921,">=8", DuLieu!$T$3:$T$101921,"<=14",DuLieu!$U$3:$U$101921,$R10) | H10: =IF(F10>=G10,F10-G10,0) | I10: 16 | J10: =SUMIFS(DuLieu!$K$3:$K$11921,DuLieu!$B$3:$B$101921,$A10,DuLieu!$T$3:$T$101921,">=15", DuLieu!$T$3:$T$101921,"<=21",DuLieu!$U$3:$U$101921,$R10) | K10: =IF(I10>=J10,I10-J10,0) | L10: 15 | M10: =SUMIFS(DuLieu!$D$3:$D$101921,DuLieu!$B$3:$B$101921,$A10,DuLieu!$T$3:$T$101921,">=1", DuLieu!$T$3:$T$101921,"<=7",DuLieu!$U$3:$U$101921,$R10) | N10: =IF(L10>=M10,L10-M10,0) | O10: 150 | P10: =$D10+$G10+$J10+$M10 | Q10: =IF(O10>=P10,O10-P10,0) | R10: 11
A11: Trần Trung Giang | B11: Phiếu GHTT tháng T+1 | C11: 5 | D11: =SUMIFS(DuLieu!$L$3:$L$11921,DuLieu!$B$3:$B$101921,$A11,DuLieu!$T$3:$T$101921,">=1", DuLieu!$T$3:$T$101921,"<=7",DuLieu!$U$3:$U$101921,$R11) | E11: =IF(C11>=D11,C11-D11,0) | G11: =SUMIFS(DuLieu!$L$3:$L$11921,DuLieu!$B$3:$B$101921,$A11,DuLieu!$T$3:$T$101921,">=8", DuLieu!$T$3:$T$101921,"<=14",DuLieu!$U$3:$U$101921,$R11) | H11: =IF(F11>=G11,F11-G11,0) | J11: =SUMIFS(DuLieu!$L$3:$L$11921,DuLieu!$B$3:$B$101921,$A11,DuLieu!$T$3:$T$101921,">=15", DuLieu!$T$3:$T$101921,"<=21",DuLieu!$U$3:$U$101921,$R11) | K11: =IF(I11>=J11,I11-J11,0) | M11: =SUMIFS(DuLieu!$D$3:$D$101921,DuLieu!$B$3:$B$101921,$A11,DuLieu!$T$3:$T$101921,">=1", DuLieu!$T$3:$T$101921,"<=7",DuLieu!$U$3:$U$101921,$R11) | N11: =IF(L11>=M11,L11-M11,0) | O11: 1 | P11: =$D11+$G11+$J11+$M11 | Q11: =IF(O11>=P11,O11-P11,0) | R11: 11
A12: Nguyễn Văn Hiệp | B12: Tiếp thị DV Fiber | C12: 2 | D12: =SUMIFS(DuLieu!$D$3:$D$11921,DuLieu!$B$3:$B$101921,$A12,DuLieu!$T$3:$T$101921,">=1", DuLieu!$T$3:$T$101921,"<=7",DuLieu!$U$3:$U$101921,$R12) | E12: =IF(C12>=D12,C12-D12,0) | F12: 2 | G12: =SUMIFS(DuLieu!$D$3:$D$11921,DuLieu!$B$3:$B$101921,$A12,DuLieu!$T$3:$T$101921,">=8", DuLieu!$T$3:$T$101921,"<=14",DuLieu!$U$3:$U$101921,$R12) | H12: =IF(F12>=G12,F12-G12,0) | I12: 2 | J12: =SUMIFS(DuLieu!$D$3:$D$11921,DuLieu!$B$3:$B$101921,$A12,DuLieu!$T$3:$T$101921,">=15", DuLieu!$T$3:$T$101921,"<=21",DuLieu!$U$3:$U$101921,$R12) | K12: =IF(I12>=J12,I12-J12,0) | L12: 1 | M12: =SUMIFS(DuLieu!$D$3:$D$101921,DuLieu!$B$3:$B$101921,$A12,DuLieu!$T$3:$T$101921,">=1", DuLieu!$T$3:$T$101921,"<=7",DuLieu!$U$3:$U$101921,$R12) | N12: =IF(L12>=M12,L12-M12,0) | O12: 4 | P12: =$D12+$G12+$J12+$M12 | Q12: =IF(O12>=P12,O12-P12,0) | R12: 11
A13: Nguyễn Văn Hiệp | B13: Tiếp thị DV MyTV | C13: 2 | D13: =SUMIFS(DuLieu!$E$3:$E$11921,DuLieu!$B$3:$B$101921,$A13,DuLieu!$T$3:$T$101921,">=1", DuLieu!$T$3:$T$101921,"<=7",DuLieu!$U$3:$U$101921,$R13) | E13: =IF(C13>=D13,C13-D13,0) | F13: 2 | G13: =SUMIFS(DuLieu!$E$3:$E$11921,DuLieu!$B$3:$B$101921,$A13,DuLieu!$T$3:$T$101921,">=8", DuLieu!$T$3:$T$101921,"<=14",DuLieu!$U$3:$U$101921,$R13) | H13: =IF(F13>=G13,F13-G13,0) | I13: 1 | J13: =SUMIFS(DuLieu!$E$3:$E$11921,DuLieu!$B$3:$B$101921,$A13,DuLieu!$T$3:$T$101921,">=15", DuLieu!$T$3:$T$101921,"<=21",DuLieu!$U$3:$U$101921,$R13) | K13: =IF(I13>=J13,I13-J13,0) | L13: 1 | M13: =SUMIFS(DuLieu!$D$3:$D$101921,DuLieu!$B$3:$B$101921,$A13,DuLieu!$T$3:$T$101921,">=1", DuLieu!$T$3:$T$101921,"<=7",DuLieu!$U$3:$U$101921,$R13) | N13: =IF(L13>=M13,L13-M13,0) | O13: 5 | P13: =$D13+$G13+$J13+$M13 | Q13: =IF(O13>=P13,O13-P13,0) | R13: 11
A14: Nguyễn Văn Hiệp | B14: Tiếp thị DV Camera/Mesh | C14: 1 | D14: =SUMIFS(DuLieu!$F$3:$F$11921,DuLieu!$B$3:$B$101921,$A14,DuLieu!$T$3:$T$101921,">=1", DuLieu!$T$3:$T$101921,"<=7",DuLieu!$U$3:$U$101921,$R14) | E14: =IF(C14>=D14,C14-D14,0) | F14: 1 | G14: =SUMIFS(DuLieu!$F$3:$F$11921,DuLieu!$B$3:$B$101921,$A14,DuLieu!$T$3:$T$101921,">=8", DuLieu!$T$3:$T$101921,"<=14",DuLieu!$U$3:$U$101921,$R14) | H14: =IF(F14>=G14,F14-G14,0) | I14: 0 | J14: =SUMIFS(DuLieu!$F$3:$F$11921,DuLieu!$B$3:$B$101921,$A14,DuLieu!$T$3:$T$101921,">=15", DuLieu!$T$3:$T$101921,"<=21",DuLieu!$U$3:$U$101921,$R14) | K14: =IF(I14>=J14,I14-J14,0) | L14: 0 | M14: =SUMIFS(DuLieu!$D$3:$D$101921,DuLieu!$B$3:$B$101921,$A14,DuLieu!$T$3:$T$101921,">=1", DuLieu!$T$3:$T$101921,"<=7",DuLieu!$U$3:$U$101921,$R14) | N14: =IF(L14>=M14,L14-M14,0) | O14: 6 | P14: =$D14+$G14+$J14+$M14 | Q14: =IF(O14>=P14,O14-P14,0) | R14: 11
A15: Nguyễn Văn Hiệp | B15: Tạm ngưng Fiber | C15: 1 | D15: =SUMIFS(DuLieu!$G$3:$G$11921,DuLieu!$B$3:$B$101921,$A15,DuLieu!$T$3:$T$101921,">=1", DuLieu!$T$3:$T$101921,"<=7",DuLieu!$U$3:$U$101921,$R15) | E15: =IF(C15>=D15,C15-D15,0) | F15: 1 | G15: =SUMIFS(DuLieu!$G$3:$G$11921,DuLieu!$B$3:$B$101921,D15,DuLieu!$T$3:$T$101921,">=8", DuLieu!$T$3:$T$101921,"<=14",DuLieu!$U$3:$U$101921,$R15) | H15: =IF(F15>=G15,F15-G15,0) | I15: 1 | J15: =SUMIFS(DuLieu!$G$3:$G$11921,DuLieu!$B$3:$B$101921,$A15,DuLieu!$T$3:$T$101921,">=15", DuLieu!$T$3:$T$101921,"<=21",DuLieu!$U$3:$U$101921,$R15) | K15: =IF(I15>=J15,I15-J15,0) | L15: 1 | M15: =SUMIFS(DuLieu!$D$3:$D$101921,DuLieu!$B$3:$B$101921,$A15,DuLieu!$T$3:$T$101921,">=1", DuLieu!$T$3:$T$101921,"<=7",DuLieu!$U$3:$U$101921,$R15) | N15: =IF(L15>=M15,L15-M15,0) | O15: 4 | P15: =$D15+$G15+$J15+$M15 | Q15: =IF(O15>=P15,O15-P15,0) | R15: 11
A16: Nguyễn Văn Hiệp | B16: Tạm ngưng Mytv | C16: 2 | D16: =SUMIFS(DuLieu!$H$3:$H$11921,DuLieu!$B$3:$B$101921,$A16,DuLieu!$T$3:$T$101921,">=1", DuLieu!$T$3:$T$101921,"<=7",DuLieu!$U$3:$U$101921,$R16) | E16: =IF(C16>=D16,C16-D16,0) | F16: 1 | G16: =SUMIFS(DuLieu!$H$3:$H$11921,DuLieu!$B$3:$B$101921,$A16,DuLieu!$T$3:$T$101921,">=8", DuLieu!$T$3:$T$101921,"<=14",DuLieu!$U$3:$U$101921,$R16) | H16: =IF(F16>=G16,F16-G16,0) | I16: 1 | J16: =SUMIFS(DuLieu!$H$3:$H$11921,DuLieu!$B$3:$B$101921,$A16,DuLieu!$T$3:$T$101921,">=15", DuLieu!$T$3:$T$101921,"<=21",DuLieu!$U$3:$U$101921,$R16) | K16: =IF(I16>=J16,I16-J16,0) | L16: 1 | M16: =SUMIFS(DuLieu!$D$3:$D$101921,DuLieu!$B$3:$B$101921,$A16,DuLieu!$T$3:$T$101921,">=1", DuLieu!$T$3:$T$101921,"<=7",DuLieu!$U$3:$U$101921,$R16) | N16: =IF(L16>=M16,L16-M16,0) | O16: 2 | P16: =$D16+$G16+$J16+$M16 | Q16: =IF(O16>=P16,O16-P16,0) | R16: 11
A17: Nguyễn Văn Hiệp | B17: Thay thế ONT 2 băng tần | C17: 6 | D17: =SUMIFS(DuLieu!$I$3:$I$11921,DuLieu!$B$3:$B$101921,$A17,DuLieu!$T$3:$T$101921,">=1", DuLieu!$T$3:$T$101921,"<=7",DuLieu!$U$3:$U$101921,$R17) | E17: =IF(C17>=D17,C17-D17,0) | F17: 6 | G17: =SUMIFS(DuLieu!$I$3:$I$11921,DuLieu!$B$3:$B$101921,$A17,DuLieu!$T$3:$T$101921,">=8", DuLieu!$T$3:$T$101921,"<=14",DuLieu!$U$3:$U$101921,$R17) | H17: =IF(F17>=G17,F17-G17,0) | I17: 6 | J17: =SUMIFS(DuLieu!$I$3:$I$11921,DuLieu!$B$3:$B$101921,$A17,DuLieu!$T$3:$T$101921,">=15", DuLieu!$T$3:$T$101921,"<=21",DuLieu!$U$3:$U$101921,$R17) | K17: =IF(I17>=J17,I17-J17,0) | L17: 5 | M17: =SUMIFS(DuLieu!$D$3:$D$101921,DuLieu!$B$3:$B$101921,$A17,DuLieu!$T$3:$T$101921,">=1", DuLieu!$T$3:$T$101921,"<=7",DuLieu!$U$3:$U$101921,$R17) | N17: =IF(L17>=M17,L17-M17,0) | O17: 40 | P17: =$D17+$G17+$J17+$M17 | Q17: =IF(O17>=P17,O17-P17,0) | R17: 11
A18: Nguyễn Văn Hiệp | B18: CSKH HVC chuyển XGSPON | D18: =SUMIFS(DuLieu!$J$3:$J$11921,DuLieu!$B$3:$B$101921,$A18,DuLieu!$T$3:$T$101921,">=1", DuLieu!$T$3:$T$101921,"<=7",DuLieu!$U$3:$U$101921,$R18) | E18: =IF(C18>=D18,C18-D18,0) | G18: =SUMIFS(DuLieu!$J$3:$J$11921,DuLieu!$B$3:$B$101921,$A18,DuLieu!$T$3:$T$101921,">=8", DuLieu!$T$3:$T$101921,"<=14",DuLieu!$U$3:$U$101921,$R18) | H18: =IF(F18>=G18,F18-G18,0) | J18: =SUMIFS(DuLieu!$J$3:$J$11921,DuLieu!$B$3:$B$101921,$A18,DuLieu!$T$3:$T$101921,">=15", DuLieu!$T$3:$T$101921,"<=21",DuLieu!$U$3:$U$101921,$R18) | K18: =IF(I18>=J18,I18-J18,0) | M18: =SUMIFS(DuLieu!$D$3:$D$101921,DuLieu!$B$3:$B$101921,$A18,DuLieu!$T$3:$T$101921,">=1", DuLieu!$T$3:$T$101921,"<=7",DuLieu!$U$3:$U$101921,$R18) | N18: =IF(L18>=M18,L18-M18,0) | O18: 20 | P18: =$D18+$G18+$J18+$M18 | Q18: =IF(O18>=P18,O18-P18,0) | R18: 11
A19: Nguyễn Văn Hiệp | B19: Phiếu GHTT tháng T | C19: 7 | D19: =SUMIFS(DuLieu!$K$3:$K$11921,DuLieu!$B$3:$B$101921,$A19,DuLieu!$T$3:$T$101921,">=1", DuLieu!$T$3:$T$101921,"<=7",DuLieu!$U$3:$U$101921,$R19) | E19: =IF(C19>=D19,C19-D19,0) | F19: 7 | G19: =SUMIFS(DuLieu!$K$3:$K$11921,DuLieu!$B$3:$B$101921,$A19,DuLieu!$T$3:$T$101921,">=8", DuLieu!$T$3:$T$101921,"<=14",DuLieu!$U$3:$U$101921,$R19) | H19: =IF(F19>=G19,F19-G19,0) | I19: 6 | J19: =SUMIFS(DuLieu!$K$3:$K$11921,DuLieu!$B$3:$B$101921,$A19,DuLieu!$T$3:$T$101921,">=15", DuLieu!$T$3:$T$101921,"<=21",DuLieu!$U$3:$U$101921,$R19) | K19: =IF(I19>=J19,I19-J19,0) | L19: 6 | M19: =SUMIFS(DuLieu!$D$3:$D$101921,DuLieu!$B$3:$B$101921,$A19,DuLieu!$T$3:$T$101921,">=1", DuLieu!$T$3:$T$101921,"<=7",DuLieu!$U$3:$U$101921,$R19) | N19: =IF(L19>=M19,L19-M19,0) | O19: 150 | P19: =$D19+$G19+$J19+$M19 | Q19: =IF(O19>=P19,O19-P19,0) | R19: 11
A20: Nguyễn Văn Hiệp | B20: Phiếu GHTT tháng T+1 | C20: 4 | D20: =SUMIFS(DuLieu!$L$3:$L$11921,DuLieu!$B$3:$B$101921,$A20,DuLieu!$T$3:$T$101921,">=1", DuLieu!$T$3:$T$101921,"<=7",DuLieu!$U$3:$U$101921,$R20) | E20: =IF(C20>=D20,C20-D20,0) | F20: 4 | G20: =SUMIFS(DuLieu!$L$3:$L$11921,DuLieu!$B$3:$B$101921,$A20,DuLieu!$T$3:$T$101921,">=8", DuLieu!$T$3:$T$101921,"<=14",DuLieu!$U$3:$U$101921,$R20) | H20: =IF(F20>=G20,F20-G20,0) | J20: =SUMIFS(DuLieu!$L$3:$L$11921,DuLieu!$B$3:$B$101921,$A20,DuLieu!$T$3:$T$101921,">=15", DuLieu!$T$3:$T$101921,"<=21",DuLieu!$U$3:$U$101921,$R20) | K20: =IF(I20>=J20,I20-J20,0) | M20: =SUMIFS(DuLieu!$D$3:$D$101921,DuLieu!$B$3:$B$101921,$A20,DuLieu!$T$3:$T$101921,">=1", DuLieu!$T$3:$T$101921,"<=7",DuLieu!$U$3:$U$101921,$R20) | N20: =IF(L20>=M20,L20-M20,0) | O20: 1 | P20: =$D20+$G20+$J20+$M20 | Q20: =IF(O20>=P20,O20-P20,0) | R20: 11
A21: Nguyễn Tuấn Anh | B21: Tiếp thị DV Fiber | C21: 2 | D21: =SUMIFS(DuLieu!$D$3:$D$11921,DuLieu!$B$3:$B$101921,$A21,DuLieu!$T$3:$T$101921,">=1", DuLieu!$T$3:$T$101921,"<=7",DuLieu!$U$3:$U$101921,$R21) | E21: =IF(C21>=D21,C21-D21,0) | F21: 2 | G21: =SUMIFS(DuLieu!$D$3:$D$11921,DuLieu!$B$3:$B$101921,$A21,DuLieu!$T$3:$T$101921,">=8", DuLieu!$T$3:$T$101921,"<=14",DuLieu!$U$3:$U$101921,$R21) | H21: =IF(F21>=G21,F21-G21,0) | I21: 2 | J21: =SUMIFS(DuLieu!$D$3:$D$11921,DuLieu!$B$3:$B$101921,$A21,DuLieu!$T$3:$T$101921,">=15", DuLieu!$T$3:$T$101921,"<=21",DuLieu!$U$3:$U$101921,$R21) | K21: =IF(I21>=J21,I21-J21,0) | L21: 1 | M21: =SUMIFS(DuLieu!$D$3:$D$101921,DuLieu!$B$3:$B$101921,$A21,DuLieu!$T$3:$T$101921,">=1", DuLieu!$T$3:$T$101921,"<=7",DuLieu!$U$3:$U$101921,$R21) | N21: =IF(L21>=M21,L21-M21,0) | O21: 4 | P21: =$D21+$G21+$J21+$M21 | Q21: =IF(O21>=P21,O21-P21,0) | R21: 11
A22: Nguyễn Tuấn Anh | B22: Tiếp thị DV MyTV | C22: 2 | D22: =SUMIFS(DuLieu!$E$3:$E$11921,DuLieu!$B$3:$B$101921,$A22,DuLieu!$T$3:$T$101921,">=1", DuLieu!$T$3:$T$101921,"<=7",DuLieu!$U$3:$U$101921,$R22) | E22: =IF(C22>=D22,C22-D22,0) | F22: 2 | G22: =SUMIFS(DuLieu!$E$3:$E$11921,DuLieu!$B$3:$B$101921,$A22,DuLieu!$T$3:$T$101921,">=8", DuLieu!$T$3:$T$101921,"<=14",DuLieu!$U$3:$U$101921,$R22) | H22: =IF(F22>=G22,F22-G22,0) | I22: 2 | J22: =SUMIFS(DuLieu!$E$3:$E$11921,DuLieu!$B$3:$B$101921,$A22,DuLieu!$T$3:$T$101921,">=15", DuLieu!$T$3:$T$101921,"<=21",DuLieu!$U$3:$U$101921,$R22) | K22: =IF(I22>=J22,I22-J22,0) | L22: 1 | M22: =SUMIFS(DuLieu!$D$3:$D$101921,DuLieu!$B$3:$B$101921,$A22,DuLieu!$T$3:$T$101921,">=1", DuLieu!$T$3:$T$101921,"<=7",DuLieu!$U$3:$U$101921,$R22) | N22: =IF(L22>=M22,L22-M22,0) | O22: 5 | P22: =$D22+$G22+$J22+$M22 | Q22: =IF(O22>=P22,O22-P22,0) | R22: 11
A23: Nguyễn Tuấn Anh | B23: Tiếp thị DV Camera/Mesh | C23: 1 | D23: =SUMIFS(DuLieu!$F$3:$F$11921,DuLieu!$B$3:$B$101921,$A23,DuLieu!$T$3:$T$101921,">=1", DuLieu!$T$3:$T$101921,"<=7",DuLieu!$U$3:$U$101921,$R23) | E23: =IF(C23>=D23,C23-D23,0) | F23: 1 | G23: =SUMIFS(DuLieu!$F$3:$F$11921,DuLieu!$B$3:$B$101921,$A23,DuLieu!$T$3:$T$101921,">=8", DuLieu!$T$3:$T$101921,"<=14",DuLieu!$U$3:$U$101921,$R23) | H23: =IF(F23>=G23,F23-G23,0) | I23: 1 | J23: =SUMIFS(DuLieu!$F$3:$F$11921,DuLieu!$B$3:$B$101921,$A23,DuLieu!$T$3:$T$101921,">=15", DuLieu!$T$3:$T$101921,"<=21",DuLieu!$U$3:$U$101921,$R23) | K23: =IF(I23>=J23,I23-J23,0) | L23: 0 | M23: =SUMIFS(DuLieu!$D$3:$D$101921,DuLieu!$B$3:$B$101921,$A23,DuLieu!$T$3:$T$101921,">=1", DuLieu!$T$3:$T$101921,"<=7",DuLieu!$U$3:$U$101921,$R23) | N23: =IF(L23>=M23,L23-M23,0) | O23: 6 | P23: =$D23+$G23+$J23+$M23 | Q23: =IF(O23>=P23,O23-P23,0) | R23: 11
A24: Nguyễn Tuấn Anh | B24: Tạm ngưng Fiber | C24: 2 | D24: =SUMIFS(DuLieu!$G$3:$G$11921,DuLieu!$B$3:$B$101921,$A24,DuLieu!$T$3:$T$101921,">=1", DuLieu!$T$3:$T$101921,"<=7",DuLieu!$U$3:$U$101921,$R24) | E24: =IF(C24>=D24,C24-D24,0) | F24: 1 | G24: =SUMIFS(DuLieu!$G$3:$G$11921,DuLieu!$B$3:$B$101921,D24,DuLieu!$T$3:$T$101921,">=8", DuLieu!$T$3:$T$101921,"<=14",DuLieu!$U$3:$U$101921,$R24) | H24: =IF(F24>=G24,F24-G24,0) | I24: 1 | J24: =SUMIFS(DuLieu!$G$3:$G$11921,DuLieu!$B$3:$B$101921,$A24,DuLieu!$T$3:$T$101921,">=15", DuLieu!$T$3:$T$101921,"<=21",DuLieu!$U$3:$U$101921,$R24) | K24: =IF(I24>=J24,I24-J24,0) | L24: 1 | M24: =SUMIFS(DuLieu!$D$3:$D$101921,DuLieu!$B$3:$B$101921,$A24,DuLieu!$T$3:$T$101921,">=1", DuLieu!$T$3:$T$101921,"<=7",DuLieu!$U$3:$U$101921,$R24) | N24: =IF(L24>=M24,L24-M24,0) | O24: 4 | P24: =$D24+$G24+$J24+$M24 | Q24: =IF(O24>=P24,O24-P24,0) | R24: 11
A25: Nguyễn Tuấn Anh | B25: Tạm ngưng Mytv | C25: 3 | D25: =SUMIFS(DuLieu!$H$3:$H$11921,DuLieu!$B$3:$B$101921,$A25,DuLieu!$T$3:$T$101921,">=1", DuLieu!$T$3:$T$101921,"<=7",DuLieu!$U$3:$U$101921,$R25) | E25: =IF(C25>=D25,C25-D25,0) | F25: 2 | G25: =SUMIFS(DuLieu!$H$3:$H$11921,DuLieu!$B$3:$B$101921,$A25,DuLieu!$T$3:$T$101921,">=8", DuLieu!$T$3:$T$101921,"<=14",DuLieu!$U$3:$U$101921,$R25) | H25: =IF(F25>=G25,F25-G25,0) | I25: 2 | J25: =SUMIFS(DuLieu!$H$3:$H$11921,DuLieu!$B$3:$B$101921,$A25,DuLieu!$T$3:$T$101921,">=15", DuLieu!$T$3:$T$101921,"<=21",DuLieu!$U$3:$U$101921,$R25) | K25: =IF(I25>=J25,I25-J25,0) | L25: 2 | M25: =SUMIFS(DuLieu!$D$3:$D$101921,DuLieu!$B$3:$B$101921,$A25,DuLieu!$T$3:$T$101921,">=1", DuLieu!$T$3:$T$101921,"<=7",DuLieu!$U$3:$U$101921,$R25) | N25: =IF(L25>=M25,L25-M25,0) | O25: 2 | P25: =$D25+$G25+$J25+$M25 | Q25: =IF(O25>=P25,O25-P25,0) | R25: 11
A26: Nguyễn Tuấn Anh | B26: Thay thế ONT 2 băng tần | C26: 6 | D26: =SUMIFS(DuLieu!$I$3:$I$11921,DuLieu!$B$3:$B$101921,$A26,DuLieu!$T$3:$T$101921,">=1", DuLieu!$T$3:$T$101921,"<=7",DuLieu!$U$3:$U$101921,$R26) | E26: =IF(C26>=D26,C26-D26,0) | F26: 6 | G26: =SUMIFS(DuLieu!$I$3:$I$11921,DuLieu!$B$3:$B$101921,$A26,DuLieu!$T$3:$T$101921,">=8", DuLieu!$T$3:$T$101921,"<=14",DuLieu!$U$3:$U$101921,$R26) | H26: =IF(F26>=G26,F26-G26,0) | I26: 6 | J26: =SUMIFS(DuLieu!$I$3:$I$11921,DuLieu!$B$3:$B$101921,$A26,DuLieu!$T$3:$T$101921,">=15", DuLieu!$T$3:$T$101921,"<=21",DuLieu!$U$3:$U$101921,$R26) | K26: =IF(I26>=J26,I26-J26,0) | L26: 5 | M26: =SUMIFS(DuLieu!$D$3:$D$101921,DuLieu!$B$3:$B$101921,$A26,DuLieu!$T$3:$T$101921,">=1", DuLieu!$T$3:$T$101921,"<=7",DuLieu!$U$3:$U$101921,$R26) | N26: =IF(L26>=M26,L26-M26,0) | O26: 40 | P26: =$D26+$G26+$J26+$M26 | Q26: =IF(O26>=P26,O26-P26,0) | R26: 11
A27: Nguyễn Tuấn Anh | B27: CSKH HVC chuyển XGSPON | D27: =SUMIFS(DuLieu!$J$3:$J$11921,DuLieu!$B$3:$B$101921,$A27,DuLieu!$T$3:$T$101921,">=1", DuLieu!$T$3:$T$101921,"<=7",DuLieu!$U$3:$U$101921,$R27) | E27: =IF(C27>=D27,C27-D27,0) | G27: =SUMIFS(DuLieu!$J$3:$J$11921,DuLieu!$B$3:$B$101921,$A27,DuLieu!$T$3:$T$101921,">=8", DuLieu!$T$3:$T$101921,"<=14",DuLieu!$U$3:$U$101921,$R27) | H27: =IF(F27>=G27,F27-G27,0) | J27: =SUMIFS(DuLieu!$J$3:$J$11921,DuLieu!$B$3:$B$101921,$A27,DuLieu!$T$3:$T$101921,">=15", DuLieu!$T$3:$T$101921,"<=21",DuLieu!$U$3:$U$101921,$R27) | K27: =IF(I27>=J27,I27-J27,0) | M27: =SUMIFS(DuLieu!$D$3:$D$101921,DuLieu!$B$3:$B$101921,$A27,DuLieu!$T$3:$T$101921,">=1", DuLieu!$T$3:$T$101921,"<=7",DuLieu!$U$3:$U$101921,$R27) | N27: =IF(L27>=M27,L27-M27,0) | O27: 20 | P27: =$D27+$G27+$J27+$M27 | Q27: =IF(O27>=P27,O27-P27,0) | R27: 11
A28: Nguyễn Tuấn Anh | B28: Phiếu GHTT tháng T | C28: 28 | D28: =SUMIFS(DuLieu!$K$3:$K$11921,DuLieu!$B$3:$B$101921,$A28,DuLieu!$T$3:$T$101921,">=1", DuLieu!$T$3:$T$101921,"<=7",DuLieu!$U$3:$U$101921,$R28) | E28: =IF(C28>=D28,C28-D28,0) | F28: 28 | G28: =SUMIFS(DuLieu!$K$3:$K$11921,DuLieu!$B$3:$B$101921,$A28,DuLieu!$T$3:$T$101921,">=8", DuLieu!$T$3:$T$101921,"<=14",DuLieu!$U$3:$U$101921,$R28) | H28: =IF(F28>=G28,F28-G28,0) | I28: 28 | J28: =SUMIFS(DuLieu!$K$3:$K$11921,DuLieu!$B$3:$B$101921,$A28,DuLieu!$T$3:$T$101921,">=15", DuLieu!$T$3:$T$101921,"<=21",DuLieu!$U$3:$U$101921,$R28) | K28: =IF(I28>=J28,I28-J28,0) | L28: 27 | M28: =SUMIFS(DuLieu!$D$3:$D$101921,DuLieu!$B$3:$B$101921,$A28,DuLieu!$T$3:$T$101921,">=1", DuLieu!$T$3:$T$101921,"<=7",DuLieu!$U$3:$U$101921,$R28) | N28: =IF(L28>=M28,L28-M28,0) | O28: 150 | P28: =$D28+$G28+$J28+$M28 | Q28: =IF(O28>=P28,O28-P28,0) | R28: 11
A29: Nguyễn Tuấn Anh | B29: Phiếu GHTT tháng T+1 | C29: 7 | D29: =SUMIFS(DuLieu!$L$3:$L$11921,DuLieu!$B$3:$B$101921,$A29,DuLieu!$T$3:$T$101921,">=1", DuLieu!$T$3:$T$101921,"<=7",DuLieu!$U$3:$U$101921,$R29) | E29: =IF(C29>=D29,C29-D29,0) | F29: 10 | G29: =SUMIFS(DuLieu!$L$3:$L$11921,DuLieu!$B$3:$B$101921,$A29,DuLieu!$T$3:$T$101921,">=8", DuLieu!$T$3:$T$101921,"<=14",DuLieu!$U$3:$U$101921,$R29) | H29: =IF(F29>=G29,F29-G29,0) | J29: =SUMIFS(DuLieu!$L$3:$L$11921,DuLieu!$B$3:$B$101921,$A29,DuLieu!$T$3:$T$101921,">=15", DuLieu!$T$3:$T$101921,"<=21",DuLieu!$U$3:$U$101921,$R29) | K29: =IF(I29>=J29,I29-J29,0) | M29: =SUMIFS(DuLieu!$D$3:$D$101921,DuLieu!$B$3:$B$101921,$A29,DuLieu!$T$3:$T$101921,">=1", DuLieu!$T$3:$T$101921,"<=7",DuLieu!$U$3:$U$101921,$R29) | N29: =IF(L29>=M29,L29-M29,0) | O29: 1 | P29: =$D29+$G29+$J29+$M29 | Q29: =IF(O29>=P29,O29-P29,0) | R29: 11
A30: Huỳnh Văn Lực | B30: Tiếp thị DV Fiber | C30: 2 | D30: =SUMIFS(DuLieu!$D$3:$D$11921,DuLieu!$B$3:$B$101921,$A30,DuLieu!$T$3:$T$101921,">=1", DuLieu!$T$3:$T$101921,"<=7",DuLieu!$U$3:$U$101921,$R30) | E30: =IF(C30>=D30,C30-D30,0) | F30: 2 | G30: =SUMIFS(DuLieu!$D$3:$D$11921,DuLieu!$B$3:$B$101921,$A30,DuLieu!$T$3:$T$101921,">=8", DuLieu!$T$3:$T$101921,"<=14",DuLieu!$U$3:$U$101921,$R30) | H30: =IF(F30>=G30,F30-G30,0) | I30: 2 | J30: =SUMIFS(DuLieu!$D$3:$D$11921,DuLieu!$B$3:$B$101921,$A30,DuLieu!$T$3:$T$101921,">=15", DuLieu!$T$3:$T$101921,"<=21",DuLieu!$U$3:$U$101921,$R30) | K30: =IF(I30>=J30,I30-J30,0) | L30: 2 | M30: =SUMIFS(DuLieu!$D$3:$D$101921,DuLieu!$B$3:$B$101921,$A30,DuLieu!$T$3:$T$101921,">=1", DuLieu!$T$3:$T$101921,"<=7",DuLieu!$U$3:$U$101921,$R30) | N30: =IF(L30>=M30,L30-M30,0) | O30: 4 | P30: =$D30+$G30+$J30+$M30 | Q30: =IF(O30>=P30,O30-P30,0) | R30: 11
A31: Huỳnh Văn Lực | B31: Tiếp thị DV MyTV | C31: 2 | D31: =SUMIFS(DuLieu!$E$3:$E$11921,DuLieu!$B$3:$B$101921,$A31,DuLieu!$T$3:$T$101921,">=1", DuLieu!$T$3:$T$101921,"<=7",DuLieu!$U$3:$U$101921,$R31) | E31: =IF(C31>=D31,C31-D31,0) | F31: 2 | G31: =SUMIFS(DuLieu!$E$3:$E$11921,DuLieu!$B$3:$B$101921,$A31,DuLieu!$T$3:$T$101921,">=8", DuLieu!$T$3:$T$101921,"<=14",DuLieu!$U$3:$U$101921,$R31) | H31: =IF(F31>=G31,F31-G31,0) | I31: 1 | J31: =SUMIFS(DuLieu!$E$3:$E$11921,DuLieu!$B$3:$B$101921,$A31,DuLieu!$T$3:$T$101921,">=15", DuLieu!$T$3:$T$101921,"<=21",DuLieu!$U$3:$U$101921,$R31) | K31: =IF(I31>=J31,I31-J31,0) | L31: 1 | M31: =SUMIFS(DuLieu!$D$3:$D$101921,DuLieu!$B$3:$B$101921,$A31,DuLieu!$T$3:$T$101921,">=1", DuLieu!$T$3:$T$101921,"<=7",DuLieu!$U$3:$U$101921,$R31) | N31: =IF(L31>=M31,L31-M31,0) | O31: 5 | P31: =$D31+$G31+$J31+$M31 | Q31: =IF(O31>=P31,O31-P31,0) | R31: 11
A32: Huỳnh Văn Lực | B32: Tiếp thị DV Camera/Mesh | C32: 1 | D32: =SUMIFS(DuLieu!$F$3:$F$11921,DuLieu!$B$3:$B$101921,$A32,DuLieu!$T$3:$T$101921,">=1", DuLieu!$T$3:$T$101921,"<=7",DuLieu!$U$3:$U$101921,$R32) | E32: =IF(C32>=D32,C32-D32,0) | F32: 1 | G32: =SUMIFS(DuLieu!$F$3:$F$11921,DuLieu!$B$3:$B$101921,$A32,DuLieu!$T$3:$T$101921,">=8", DuLieu!$T$3:$T$101921,"<=14",DuLieu!$U$3:$U$101921,$R32) | H32: =IF(F32>=G32,F32-G32,0) | I32: 1 | J32: =SUMIFS(DuLieu!$F$3:$F$11921,DuLieu!$B$3:$B$101921,$A32,DuLieu!$T$3:$T$101921,">=15", DuLieu!$T$3:$T$101921,"<=21",DuLieu!$U$3:$U$101921,$R32) | K32: =IF(I32>=J32,I32-J32,0) | L32: 0 | M32: =SUMIFS(DuLieu!$D$3:$D$101921,DuLieu!$B$3:$B$101921,$A32,DuLieu!$T$3:$T$101921,">=1", DuLieu!$T$3:$T$101921,"<=7",DuLieu!$U$3:$U$101921,$R32) | N32: =IF(L32>=M32,L32-M32,0) | O32: 6 | P32: =$D32+$G32+$J32+$M32 | Q32: =IF(O32>=P32,O32-P32,0) | R32: 11
A33: Huỳnh Văn Lực | B33: Tạm ngưng Fiber | C33: 1 | D33: =SUMIFS(DuLieu!$G$3:$G$11921,DuLieu!$B$3:$B$101921,$A33,DuLieu!$T$3:$T$101921,">=1", DuLieu!$T$3:$T$101921,"<=7",DuLieu!$U$3:$U$101921,$R33) | E33: =IF(C33>=D33,C33-D33,0) | F33: 1 | G33: =SUMIFS(DuLieu!$G$3:$G$11921,DuLieu!$B$3:$B$101921,D33,DuLieu!$T$3:$T$101921,">=8", DuLieu!$T$3:$T$101921,"<=14",DuLieu!$U$3:$U$101921,$R33) | H33: =IF(F33>=G33,F33-G33,0) | I33: 1 | J33: =SUMIFS(DuLieu!$G$3:$G$11921,DuLieu!$B$3:$B$101921,$A33,DuLieu!$T$3:$T$101921,">=15", DuLieu!$T$3:$T$101921,"<=21",DuLieu!$U$3:$U$101921,$R33) | K33: =IF(I33>=J33,I33-J33,0) | L33: 1 | M33: =SUMIFS(DuLieu!$D$3:$D$101921,DuLieu!$B$3:$B$101921,$A33,DuLieu!$T$3:$T$101921,">=1", DuLieu!$T$3:$T$101921,"<=7",DuLieu!$U$3:$U$101921,$R33) | N33: =IF(L33>=M33,L33-M33,0) | O33: 4 | P33: =$D33+$G33+$J33+$M33 | Q33: =IF(O33>=P33,O33-P33,0) | R33: 11
A34: Huỳnh Văn Lực | B34: Tạm ngưng Mytv | C34: 2 | D34: =SUMIFS(DuLieu!$H$3:$H$11921,DuLieu!$B$3:$B$101921,$A34,DuLieu!$T$3:$T$101921,">=1", DuLieu!$T$3:$T$101921,"<=7",DuLieu!$U$3:$U$101921,$R34) | E34: =IF(C34>=D34,C34-D34,0) | F34: 1 | G34: =SUMIFS(DuLieu!$H$3:$H$11921,DuLieu!$B$3:$B$101921,$A34,DuLieu!$T$3:$T$101921,">=8", DuLieu!$T$3:$T$101921,"<=14",DuLieu!$U$3:$U$101921,$R34) | H34: =IF(F34>=G34,F34-G34,0) | I34: 1 | J34: =SUMIFS(DuLieu!$H$3:$H$11921,DuLieu!$B$3:$B$101921,$A34,DuLieu!$T$3:$T$101921,">=15", DuLieu!$T$3:$T$101921,"<=21",DuLieu!$U$3:$U$101921,$R34) | K34: =IF(I34>=J34,I34-J34,0) | L34: 1 | M34: =SUMIFS(DuLieu!$D$3:$D$101921,DuLieu!$B$3:$B$101921,$A34,DuLieu!$T$3:$T$101921,">=1", DuLieu!$T$3:$T$101921,"<=7",DuLieu!$U$3:$U$101921,$R34) | N34: =IF(L34>=M34,L34-M34,0) | O34: 2 | P34: =$D34+$G34+$J34+$M34 | Q34: =IF(O34>=P34,O34-P34,0) | R34: 11
A35: Huỳnh Văn Lực | B35: Thay thế ONT 2 băng tần | C35: 6 | D35: =SUMIFS(DuLieu!$I$3:$I$11921,DuLieu!$B$3:$B$101921,$A35,DuLieu!$T$3:$T$101921,">=1", DuLieu!$T$3:$T$101921,"<=7",DuLieu!$U$3:$U$101921,$R35) | E35: =IF(C35>=D35,C35-D35,0) | F35: 6 | G35: =SUMIFS(DuLieu!$I$3:$I$11921,DuLieu!$B$3:$B$101921,$A35,DuLieu!$T$3:$T$101921,">=8", DuLieu!$T$3:$T$101921,"<=14",DuLieu!$U$3:$U$101921,$R35) | H35: =IF(F35>=G35,F35-G35,0) | I35: 6 | J35: =SUMIFS(DuLieu!$I$3:$I$11921,DuLieu!$B$3:$B$101921,$A35,DuLieu!$T$3:$T$101921,">=15", DuLieu!$T$3:$T$101921,"<=21",DuLieu!$U$3:$U$101921,$R35) | K35: =IF(I35>=J35,I35-J35,0) | L35: 5 | M35: =SUMIFS(DuLieu!$D$3:$D$101921,DuLieu!$B$3:$B$101921,$A35,DuLieu!$T$3:$T$101921,">=1", DuLieu!$T$3:$T$101921,"<=7",DuLieu!$U$3:$U$101921,$R35) | N35: =IF(L35>=M35,L35-M35,0) | O35: 40 | P35: =$D35+$G35+$J35+$M35 | Q35: =IF(O35>=P35,O35-P35,0) | R35: 11
A36: Huỳnh Văn Lực | B36: CSKH HVC chuyển XGSPON | D36: =SUMIFS(DuLieu!$J$3:$J$11921,DuLieu!$B$3:$B$101921,$A36,DuLieu!$T$3:$T$101921,">=1", DuLieu!$T$3:$T$101921,"<=7",DuLieu!$U$3:$U$101921,$R36) | E36: =IF(C36>=D36,C36-D36,0) | G36: =SUMIFS(DuLieu!$J$3:$J$11921,DuLieu!$B$3:$B$101921,$A36,DuLieu!$T$3:$T$101921,">=8", DuLieu!$T$3:$T$101921,"<=14",DuLieu!$U$3:$U$101921,$R36) | H36: =IF(F36>=G36,F36-G36,0) | J36: =SUMIFS(DuLieu!$J$3:$J$11921,DuLieu!$B$3:$B$101921,$A36,DuLieu!$T$3:$T$101921,">=15", DuLieu!$T$3:$T$101921,"<=21",DuLieu!$U$3:$U$101921,$R36) | K36: =IF(I36>=J36,I36-J36,0) | M36: =SUMIFS(DuLieu!$D$3:$D$101921,DuLieu!$B$3:$B$101921,$A36,DuLieu!$T$3:$T$101921,">=1", DuLieu!$T$3:$T$101921,"<=7",DuLieu!$U$3:$U$101921,$R36) | N36: =IF(L36>=M36,L36-M36,0) | O36: 20 | P36: =$D36+$G36+$J36+$M36 | Q36: =IF(O36>=P36,O36-P36,0) | R36: 11
A37: Huỳnh Văn Lực | B37: Phiếu GHTT tháng T | C37: 11 | D37: =SUMIFS(DuLieu!$K$3:$K$11921,DuLieu!$B$3:$B$101921,$A37,DuLieu!$T$3:$T$101921,">=1", DuLieu!$T$3:$T$101921,"<=7",DuLieu!$U$3:$U$101921,$R37) | E37: =IF(C37>=D37,C37-D37,0) | F37: 11 | G37: =SUMIFS(DuLieu!$K$3:$K$11921,DuLieu!$B$3:$B$101921,$A37,DuLieu!$T$3:$T$101921,">=8", DuLieu!$T$3:$T$101921,"<=14",DuLieu!$U$3:$U$101921,$R37) | H37: =IF(F37>=G37,F37-G37,0) | I37: 11 | J37: =SUMIFS(DuLieu!$K$3:$K$11921,DuLieu!$B$3:$B$101921,$A37,DuLieu!$T$3:$T$101921,">=15", DuLieu!$T$3:$T$101921,"<=21",DuLieu!$U$3:$U$101921,$R37) | K37: =IF(I37>=J37,I37-J37,0) | L37: 11 | M37: =SUMIFS(DuLieu!$D$3:$D$101921,DuLieu!$B$3:$B$101921,$A37,DuLieu!$T$3:$T$101921,">=1", DuLieu!$T$3:$T$101921,"<=7",DuLieu!$U$3:$U$101921,$R37) | N37: =IF(L37>=M37,L37-M37,0) | O37: 150 | P37: =$D37+$G37+$J37+$M37 | Q37: =IF(O37>=P37,O37-P37,0) | R37: 11
A38: Huỳnh Văn Lực | B38: Phiếu GHTT tháng T+1 | C38: 6 | D38: =SUMIFS(DuLieu!$L$3:$L$11921,DuLieu!$B$3:$B$101921,$A38,DuLieu!$T$3:$T$101921,">=1", DuLieu!$T$3:$T$101921,"<=7",DuLieu!$U$3:$U$101921,$R38) | E38: =IF(C38>=D38,C38-D38,0) | F38: 6 | G38: =SUMIFS(DuLieu!$L$3:$L$11921,DuLieu!$B$3:$B$101921,$A38,DuLieu!$T$3:$T$101921,">=8", DuLieu!$T$3:$T$101921,"<=14",DuLieu!$U$3:$U$101921,$R38) | H38: =IF(F38>=G38,F38-G38,0) | J38: =SUMIFS(DuLieu!$L$3:$L$11921,DuLieu!$B$3:$B$101921,$A38,DuLieu!$T$3:$T$101921,">=15", DuLieu!$T$3:$T$101921,"<=21",DuLieu!$U$3:$U$101921,$R38) | K38: =IF(I38>=J38,I38-J38,0) | M38: =SUMIFS(DuLieu!$D$3:$D$101921,DuLieu!$B$3:$B$101921,$A38,DuLieu!$T$3:$T$101921,">=1", DuLieu!$T$3:$T$101921,"<=7",DuLieu!$U$3:$U$101921,$R38) | N38: =IF(L38>=M38,L38-M38,0) | O38: 1 | P38: =$D38+$G38+$J38+$M38 | Q38: =IF(O38>=P38,O38-P38,0) | R38: 11
A39: Nguyễn Quang Anh Tuấn | B39: Tiếp thị DV Fiber | C39: 2 | D39: =SUMIFS(DuLieu!$D$3:$D$11921,DuLieu!$B$3:$B$101921,$A39,DuLieu!$T$3:$T$101921,">=1", DuLieu!$T$3:$T$101921,"<=7",DuLieu!$U$3:$U$101921,$R39) | E39: =IF(C39>=D39,C39-D39,0) | F39: 2 | G39: =SUMIFS(DuLieu!$D$3:$D$11921,DuLieu!$B$3:$B$101921,$A39,DuLieu!$T$3:$T$101921,">=8", DuLieu!$T$3:$T$101921,"<=14",DuLieu!$U$3:$U$101921,$R39) | H39: =IF(F39>=G39,F39-G39,0) | I39: 2 | J39: =SUMIFS(DuLieu!$D$3:$D$11921,DuLieu!$B$3:$B$101921,$A39,DuLieu!$T$3:$T$101921,">=15", DuLieu!$T$3:$T$101921,"<=21",DuLieu!$U$3:$U$101921,$R39) | K39: =IF(I39>=J39,I39-J39,0) | L39: 1 | M39: =SUMIFS(DuLieu!$D$3:$D$101921,DuLieu!$B$3:$B$101921,$A39,DuLieu!$T$3:$T$101921,">=1", DuLieu!$T$3:$T$101921,"<=7",DuLieu!$U$3:$U$101921,$R39) | N39: =IF(L39>=M39,L39-M39,0) | O39: 4 | P39: =$D39+$G39+$J39+$M39 | Q39: =IF(O39>=P39,O39-P39,0) | R39: 11
A40: Nguyễn Quang Anh Tuấn | B40: Tiếp thị DV MyTV | C40: 2 | D40: =SUMIFS(DuLieu!$E$3:$E$11921,DuLieu!$B$3:$B$101921,$A40,DuLieu!$T$3:$T$101921,">=1", DuLieu!$T$3:$T$101921,"<=7",DuLieu!$U$3:$U$101921,$R40) | E40: =IF(C40>=D40,C40-D40,0) | F40: 2 | G40: =SUMIFS(DuLieu!$E$3:$E$11921,DuLieu!$B$3:$B$101921,$A40,DuLieu!$T$3:$T$101921,">=8", DuLieu!$T$3:$T$101921,"<=14",DuLieu!$U$3:$U$101921,$R40) | H40: =IF(F40>=G40,F40-G40,0) | I40: 2 | J40: =SUMIFS(DuLieu!$E$3:$E$11921,DuLieu!$B$3:$B$101921,$A40,DuLieu!$T$3:$T$101921,">=15", DuLieu!$T$3:$T$101921,"<=21",DuLieu!$U$3:$U$101921,$R40) | K40: =IF(I40>=J40,I40-J40,0) | L40: 1 | M40: =SUMIFS(DuLieu!$D$3:$D$101921,DuLieu!$B$3:$B$101921,$A40,DuLieu!$T$3:$T$101921,">=1", DuLieu!$T$3:$T$101921,"<=7",DuLieu!$U$3:$U$101921,$R40) | N40: =IF(L40>=M40,L40-M40,0) | O40: 5 | P40: =$D40+$G40+$J40+$M40 | Q40: =IF(O40>=P40,O40-P40,0) | R40: 11
A41: Nguyễn Quang Anh Tuấn | B41: Tiếp thị DV Camera/Mesh | C41: 1 | D41: =SUMIFS(DuLieu!$F$3:$F$11921,DuLieu!$B$3:$B$101921,$A41,DuLieu!$T$3:$T$101921,">=1", DuLieu!$T$3:$T$101921,"<=7",DuLieu!$U$3:$U$101921,$R41) | E41: =IF(C41>=D41,C41-D41,0) | F41: 1 | G41: =SUMIFS(DuLieu!$F$3:$F$11921,DuLieu!$B$3:$B$101921,$A41,DuLieu!$T$3:$T$101921,">=8", DuLieu!$T$3:$T$101921,"<=14",DuLieu!$U$3:$U$101921,$R41) | H41: =IF(F41>=G41,F41-G41,0) | I41: 0 | J41: =SUMIFS(DuLieu!$F$3:$F$11921,DuLieu!$B$3:$B$101921,$A41,DuLieu!$T$3:$T$101921,">=15", DuLieu!$T$3:$T$101921,"<=21",DuLieu!$U$3:$U$101921,$R41) | K41: =IF(I41>=J41,I41-J41,0) | L41: 0 | M41: =SUMIFS(DuLieu!$D$3:$D$101921,DuLieu!$B$3:$B$101921,$A41,DuLieu!$T$3:$T$101921,">=1", DuLieu!$T$3:$T$101921,"<=7",DuLieu!$U$3:$U$101921,$R41) | N41: =IF(L41>=M41,L41-M41,0) | O41: 6 | P41: =$D41+$G41+$J41+$M41 | Q41: =IF(O41>=P41,O41-P41,0) | R41: 11
A42: Nguyễn Quang Anh Tuấn | B42: Tạm ngưng Fiber | C42: 2 | D42: =SUMIFS(DuLieu!$G$3:$G$11921,DuLieu!$B$3:$B$101921,$A42,DuLieu!$T$3:$T$101921,">=1", DuLieu!$T$3:$T$101921,"<=7",DuLieu!$U$3:$U$101921,$R42) | E42: =IF(C42>=D42,C42-D42,0) | F42: 1 | G42: =SUMIFS(DuLieu!$G$3:$G$11921,DuLieu!$B$3:$B$101921,D42,DuLieu!$T$3:$T$101921,">=8", DuLieu!$T$3:$T$101921,"<=14",DuLieu!$U$3:$U$101921,$R42) | H42: =IF(F42>=G42,F42-G42,0) | I42: 1 | J42: =SUMIFS(DuLieu!$G$3:$G$11921,DuLieu!$B$3:$B$101921,$A42,DuLieu!$T$3:$T$101921,">=15", DuLieu!$T$3:$T$101921,"<=21",DuLieu!$U$3:$U$101921,$R42) | K42: =IF(I42>=J42,I42-J42,0) | L42: 1 | M42: =SUMIFS(DuLieu!$D$3:$D$101921,DuLieu!$B$3:$B$101921,$A42,DuLieu!$T$3:$T$101921,">=1", DuLieu!$T$3:$T$101921,"<=7",DuLieu!$U$3:$U$101921,$R42) | N42: =IF(L42>=M42,L42-M42,0) | O42: 4 | P42: =$D42+$G42+$J42+$M42 | Q42: =IF(O42>=P42,O42-P42,0) | R42: 11
A43: Nguyễn Quang Anh Tuấn | B43: Tạm ngưng Mytv | C43: 2 | D43: =SUMIFS(DuLieu!$H$3:$H$11921,DuLieu!$B$3:$B$101921,$A43,DuLieu!$T$3:$T$101921,">=1", DuLieu!$T$3:$T$101921,"<=7",DuLieu!$U$3:$U$101921,$R43) | E43: =IF(C43>=D43,C43-D43,0) | F43: 2 | G43: =SUMIFS(DuLieu!$H$3:$H$11921,DuLieu!$B$3:$B$101921,$A43,DuLieu!$T$3:$T$101921,">=8", DuLieu!$T$3:$T$101921,"<=14",DuLieu!$U$3:$U$101921,$R43) | H43: =IF(F43>=G43,F43-G43,0) | I43: 2 | J43: =SUMIFS(DuLieu!$H$3:$H$11921,DuLieu!$B$3:$B$101921,$A43,DuLieu!$T$3:$T$101921,">=15", DuLieu!$T$3:$T$101921,"<=21",DuLieu!$U$3:$U$101921,$R43) | K43: =IF(I43>=J43,I43-J43,0) | L43: 2 | M43: =SUMIFS(DuLieu!$D$3:$D$101921,DuLieu!$B$3:$B$101921,$A43,DuLieu!$T$3:$T$101921,">=1", DuLieu!$T$3:$T$101921,"<=7",DuLieu!$U$3:$U$101921,$R43) | N43: =IF(L43>=M43,L43-M43,0) | O43: 2 | P43: =$D43+$G43+$J43+$M43 | Q43: =IF(O43>=P43,O43-P43,0) | R43: 11
A44: Nguyễn Quang Anh Tuấn | B44: Thay thế ONT 2 băng tần | C44: 7 | D44: =SUMIFS(DuLieu!$I$3:$I$11921,DuLieu!$B$3:$B$101921,$A44,DuLieu!$T$3:$T$101921,">=1", DuLieu!$T$3:$T$101921,"<=7",DuLieu!$U$3:$U$101921,$R44) | E44: =IF(C44>=D44,C44-D44,0) | F44: 6 | G44: =SUMIFS(DuLieu!$I$3:$I$11921,DuLieu!$B$3:$B$101921,$A44,DuLieu!$T$3:$T$101921,">=8", DuLieu!$T$3:$T$101921,"<=14",DuLieu!$U$3:$U$101921,$R44) | H44: =IF(F44>=G44,F44-G44,0) | I44: 6 | J44: =SUMIFS(DuLieu!$I$3:$I$11921,DuLieu!$B$3:$B$101921,$A44,DuLieu!$T$3:$T$101921,">=15", DuLieu!$T$3:$T$101921,"<=21",DuLieu!$U$3:$U$101921,$R44) | K44: =IF(I44>=J44,I44-J44,0) | L44: 6 | M44: =SUMIFS(DuLieu!$D$3:$D$101921,DuLieu!$B$3:$B$101921,$A44,DuLieu!$T$3:$T$101921,">=1", DuLieu!$T$3:$T$101921,"<=7",DuLieu!$U$3:$U$101921,$R44) | N44: =IF(L44>=M44,L44-M44,0) | O44: 40 | P44: =$D44+$G44+$J44+$M44 | Q44: =IF(O44>=P44,O44-P44,0) | R44: 11
A45: Nguyễn Quang Anh Tuấn | B45: CSKH HVC chuyển XGSPON | D45: =SUMIFS(DuLieu!$J$3:$J$11921,DuLieu!$B$3:$B$101921,$A45,DuLieu!$T$3:$T$101921,">=1", DuLieu!$T$3:$T$101921,"<=7",DuLieu!$U$3:$U$101921,$R45) | E45: =IF(C45>=D45,C45-D45,0) | G45: =SUMIFS(DuLieu!$J$3:$J$11921,DuLieu!$B$3:$B$101921,$A45,DuLieu!$T$3:$T$101921,">=8", DuLieu!$T$3:$T$101921,"<=14",DuLieu!$U$3:$U$101921,$R45) | H45: =IF(F45>=G45,F45-G45,0) | J45: =SUMIFS(DuLieu!$J$3:$J$11921,DuLieu!$B$3:$B$101921,$A45,DuLieu!$T$3:$T$101921,">=15", DuLieu!$T$3:$T$101921,"<=21",DuLieu!$U$3:$U$101921,$R45) | K45: =IF(I45>=J45,I45-J45,0) | M45: =SUMIFS(DuLieu!$D$3:$D$101921,DuLieu!$B$3:$B$101921,$A45,DuLieu!$T$3:$T$101921,">=1", DuLieu!$T$3:$T$101921,"<=7",DuLieu!$U$3:$U$101921,$R45) | N45: =IF(L45>=M45,L45-M45,0) | O45: 20 | P45: =$D45+$G45+$J45+$M45 | Q45: =IF(O45>=P45,O45-P45,0) | R45: 11
A46: Nguyễn Quang Anh Tuấn | B46: Phiếu GHTT tháng T | C46: 20 | D46: =SUMIFS(DuLieu!$K$3:$K$11921,DuLieu!$B$3:$B$101921,$A46,DuLieu!$T$3:$T$101921,">=1", DuLieu!$T$3:$T$101921,"<=7",DuLieu!$U$3:$U$101921,$R46) | E46: =IF(C46>=D46,C46-D46,0) | F46: 20 | G46: =SUMIFS(DuLieu!$K$3:$K$11921,DuLieu!$B$3:$B$101921,$A46,DuLieu!$T$3:$T$101921,">=8", DuLieu!$T$3:$T$101921,"<=14",DuLieu!$U$3:$U$101921,$R46) | H46: =IF(F46>=G46,F46-G46,0) | I46: 20 | J46: =SUMIFS(DuLieu!$K$3:$K$11921,DuLieu!$B$3:$B$101921,$A46,DuLieu!$T$3:$T$101921,">=15", DuLieu!$T$3:$T$101921,"<=21",DuLieu!$U$3:$U$101921,$R46) | K46: =IF(I46>=J46,I46-J46,0) | L46: 20 | M46: =SUMIFS(DuLieu!$D$3:$D$101921,DuLieu!$B$3:$B$101921,$A46,DuLieu!$T$3:$T$101921,">=1", DuLieu!$T$3:$T$101921,"<=7",DuLieu!$U$3:$U$101921,$R46) | N46: =IF(L46>=M46,L46-M46,0) | O46: 150 | P46: =$D46+$G46+$J46+$M46 | Q46: =IF(O46>=P46,O46-P46,0) | R46: 11
A47: Nguyễn Quang Anh Tuấn | B47: Phiếu GHTT tháng T+1 | C47: 15 | D47: =SUMIFS(DuLieu!$L$3:$L$11921,DuLieu!$B$3:$B$101921,$A47,DuLieu!$T$3:$T$101921,">=1", DuLieu!$T$3:$T$101921,"<=7",DuLieu!$U$3:$U$101921,$R47) | E47: =IF(C47>=D47,C47-D47,0) | F47: 6 | G47: =SUMIFS(DuLieu!$L$3:$L$11921,DuLieu!$B$3:$B$101921,$A47,DuLieu!$T$3:$T$101921,">=8", DuLieu!$T$3:$T$101921,"<=14",DuLieu!$U$3:$U$101921,$R47) | H47: =IF(F47>=G47,F47-G47,0) | J47: =SUMIFS(DuLieu!$L$3:$L$11921,DuLieu!$B$3:$B$101921,$A47,DuLieu!$T$3:$T$101921,">=15", DuLieu!$T$3:$T$101921,"<=21",DuLieu!$U$3:$U$101921,$R47) | K47: =IF(I47>=J47,I47-J47,0) | M47: =SUMIFS(DuLieu!$D$3:$D$101921,DuLieu!$B$3:$B$101921,$A47,DuLieu!$T$3:$T$101921,">=1", DuLieu!$T$3:$T$101921,"<=7",DuLieu!$U$3:$U$101921,$R47) | N47: =IF(L47>=M47,L47-M47,0) | O47: 1 | P47: =$D47+$G47+$J47+$M47 | Q47: =IF(O47>=P47,O47-P47,0) | R47: 11
A48: Đặng Hoài Anh | B48: Tiếp thị DV Fiber | C48: 2 | D48: =SUMIFS(DuLieu!$D$3:$D$11921,DuLieu!$B$3:$B$101921,$A48,DuLieu!$T$3:$T$101921,">=1", DuLieu!$T$3:$T$101921,"<=7",DuLieu!$U$3:$U$101921,$R48) | E48: =IF(C48>=D48,C48-D48,0) | F48: 2 | G48: =SUMIFS(DuLieu!$D$3:$D$11921,DuLieu!$B$3:$B$101921,$A48,DuLieu!$T$3:$T$101921,">=8", DuLieu!$T$3:$T$101921,"<=14",DuLieu!$U$3:$U$101921,$R48) | H48: =IF(F48>=G48,F48-G48,0) | I48: 2 | J48: =SUMIFS(DuLieu!$D$3:$D$11921,DuLieu!$B$3:$B$101921,$A48,DuLieu!$T$3:$T$101921,">=15", DuLieu!$T$3:$T$101921,"<=21",DuLieu!$U$3:$U$101921,$R48) | K48: =IF(I48>=J48,I48-J48,0) | L48: 1 | M48: =SUMIFS(DuLieu!$D$3:$D$101921,DuLieu!$B$3:$B$101921,$A48,DuLieu!$T$3:$T$101921,">=1", DuLieu!$T$3:$T$101921,"<=7",DuLieu!$U$3:$U$101921,$R48) | N48: =IF(L48>=M48,L48-M48,0) | O48: 4 | P48: =$D48+$G48+$J48+$M48 | Q48: =IF(O48>=P48,O48-P48,0) | R48: 11
A49: Đặng Hoài Anh | B49: Tiếp thị DV MyTV | C49: 2 | D49: =SUMIFS(DuLieu!$E$3:$E$11921,DuLieu!$B$3:$B$101921,$A49,DuLieu!$T$3:$T$101921,">=1", DuLieu!$T$3:$T$101921,"<=7",DuLieu!$U$3:$U$101921,$R49) | E49: =IF(C49>=D49,C49-D49,0) | F49: 2 | G49: =SUMIFS(DuLieu!$E$3:$E$11921,DuLieu!$B$3:$B$101921,$A49,DuLieu!$T$3:$T$101921,">=8", DuLieu!$T$3:$T$101921,"<=14",DuLieu!$U$3:$U$101921,$R49) | H49: =IF(F49>=G49,F49-G49,0) | I49: 1 | J49: =SUMIFS(DuLieu!$E$3:$E$11921,DuLieu!$B$3:$B$101921,$A49,DuLieu!$T$3:$T$101921,">=15", DuLieu!$T$3:$T$101921,"<=21",DuLieu!$U$3:$U$101921,$R49) | K49: =IF(I49>=J49,I49-J49,0) | L49: 1 | M49: =SUMIFS(DuLieu!$D$3:$D$101921,DuLieu!$B$3:$B$101921,$A49,DuLieu!$T$3:$T$101921,">=1", DuLieu!$T$3:$T$101921,"<=7",DuLieu!$U$3:$U$101921,$R49) | N49: =IF(L49>=M49,L49-M49,0) | O49: 5 | P49: =$D49+$G49+$J49+$M49 | Q49: =IF(O49>=P49,O49-P49,0) | R49: 11
A50: Đặng Hoài Anh | B50: Tiếp thị DV Camera/Mesh | C50: 1 | D50: =SUMIFS(DuLieu!$F$3:$F$11921,DuLieu!$B$3:$B$101921,$A50,DuLieu!$T$3:$T$101921,">=1", DuLieu!$T$3:$T$101921,"<=7",DuLieu!$U$3:$U$101921,$R50) | E50: =IF(C50>=D50,C50-D50,0) | F50: 1 | G50: =SUMIFS(DuLieu!$F$3:$F$11921,DuLieu!$B$3:$B$101921,$A50,DuLieu!$T$3:$T$101921,">=8", DuLieu!$T$3:$T$101921,"<=14",DuLieu!$U$3:$U$101921,$R50) | H50: =IF(F50>=G50,F50-G50,0) | I50: 0 | J50: =SUMIFS(DuLieu!$F$3:$F$11921,DuLieu!$B$3:$B$101921,$A50,DuLieu!$T$3:$T$101921,">=15", DuLieu!$T$3:$T$101921,"<=21",DuLieu!$U$3:$U$101921,$R50) | K50: =IF(I50>=J50,I50-J50,0) | L50: 0 | M50: =SUMIFS(DuLieu!$D$3:$D$101921,DuLieu!$B$3:$B$101921,$A50,DuLieu!$T$3:$T$101921,">=1", DuLieu!$T$3:$T$101921,"<=7",DuLieu!$U$3:$U$101921,$R50) | N50: =IF(L50>=M50,L50-M50,0) | O50: 6 | P50: =$D50+$G50+$J50+$M50 | Q50: =IF(O50>=P50,O50-P50,0) | R50: 11
A51: Đặng Hoài Anh | B51: Tạm ngưng Fiber | C51: 1 | D51: =SUMIFS(DuLieu!$G$3:$G$11921,DuLieu!$B$3:$B$101921,$A51,DuLieu!$T$3:$T$101921,">=1", DuLieu!$T$3:$T$101921,"<=7",DuLieu!$U$3:$U$101921,$R51) | E51: =IF(C51>=D51,C51-D51,0) | F51: 1 | G51: =SUMIFS(DuLieu!$G$3:$G$11921,DuLieu!$B$3:$B$101921,D51,DuLieu!$T$3:$T$101921,">=8", DuLieu!$T$3:$T$101921,"<=14",DuLieu!$U$3:$U$101921,$R51) | H51: =IF(F51>=G51,F51-G51,0) | I51: 1 | J51: =SUMIFS(DuLieu!$G$3:$G$11921,DuLieu!$B$3:$B$101921,$A51,DuLieu!$T$3:$T$101921,">=15", DuLieu!$T$3:$T$101921,"<=21",DuLieu!$U$3:$U$101921,$R51) | K51: =IF(I51>=J51,I51-J51,0) | L51: 1 | M51: =SUMIFS(DuLieu!$D$3:$D$101921,DuLieu!$B$3:$B$101921,$A51,DuLieu!$T$3:$T$101921,">=1", DuLieu!$T$3:$T$101921,"<=7",DuLieu!$U$3:$U$101921,$R51) | N51: =IF(L51>=M51,L51-M51,0) | O51: 4 | P51: =$D51+$G51+$J51+$M51 | Q51: =IF(O51>=P51,O51-P51,0) | R51: 11
A52: Đặng Hoài Anh | B52: Tạm ngưng Mytv | D52: =SUMIFS(DuLieu!$H$3:$H$11921,DuLieu!$B$3:$B$101921,$A52,DuLieu!$T$3:$T$101921,">=1", DuLieu!$T$3:$T$101921,"<=7",DuLieu!$U$3:$U$101921,$R52) | E52: =IF(C52>=D52,C52-D52,0) | G52: =SUMIFS(DuLieu!$H$3:$H$11921,DuLieu!$B$3:$B$101921,$A52,DuLieu!$T$3:$T$101921,">=8", DuLieu!$T$3:$T$101921,"<=14",DuLieu!$U$3:$U$101921,$R52) | H52: =IF(F52>=G52,F52-G52,0) | J52: =SUMIFS(DuLieu!$H$3:$H$11921,DuLieu!$B$3:$B$101921,$A52,DuLieu!$T$3:$T$101921,">=15", DuLieu!$T$3:$T$101921,"<=21",DuLieu!$U$3:$U$101921,$R52) | K52: =IF(I52>=J52,I52-J52,0) | M52: =SUMIFS(DuLieu!$D$3:$D$101921,DuLieu!$B$3:$B$101921,$A52,DuLieu!$T$3:$T$101921,">=1", DuLieu!$T$3:$T$101921,"<=7",DuLieu!$U$3:$U$101921,$R52) | N52: =IF(L52>=M52,L52-M52,0) | O52: 2 | P52: =$D52+$G52+$J52+$M52 | Q52: =IF(O52>=P52,O52-P52,0) | R52: 11
A53: Đặng Hoài Anh | B53: Thay thế ONT 2 băng tần | D53: =SUMIFS(DuLieu!$I$3:$I$11921,DuLieu!$B$3:$B$101921,$A53,DuLieu!$T$3:$T$101921,">=1", DuLieu!$T$3:$T$101921,"<=7",DuLieu!$U$3:$U$101921,$R53) | E53: =IF(C53>=D53,C53-D53,0) | G53: =SUMIFS(DuLieu!$I$3:$I$11921,DuLieu!$B$3:$B$101921,$A53,DuLieu!$T$3:$T$101921,">=8", DuLieu!$T$3:$T$101921,"<=14",DuLieu!$U$3:$U$101921,$R53) | H53: =IF(F53>=G53,F53-G53,0) | J53: =SUMIFS(DuLieu!$I$3:$I$11921,DuLieu!$B$3:$B$101921,$A53,DuLieu!$T$3:$T$101921,">=15", DuLieu!$T$3:$T$101921,"<=21",DuLieu!$U$3:$U$101921,$R53) | K53: =IF(I53>=J53,I53-J53,0) | M53: =SUMIFS(DuLieu!$D$3:$D$101921,DuLieu!$B$3:$B$101921,$A53,DuLieu!$T$3:$T$101921,">=1", DuLieu!$T$3:$T$101921,"<=7",DuLieu!$U$3:$U$101921,$R53) | N53: =IF(L53>=M53,L53-M53,0) | O53: 40 | P53: =$D53+$G53+$J53+$M53 | Q53: =IF(O53>=P53,O53-P53,0) | R53: 11
A54: Đặng Hoài Anh | B54: CSKH HVC chuyển XGSPON | D54: =SUMIFS(DuLieu!$J$3:$J$11921,DuLieu!$B$3:$B$101921,$A54,DuLieu!$T$3:$T$101921,">=1", DuLieu!$T$3:$T$101921,"<=7",DuLieu!$U$3:$U$101921,$R54) | E54: =IF(C54>=D54,C54-D54,0) | G54: =SUMIFS(DuLieu!$J$3:$J$11921,DuLieu!$B$3:$B$101921,$A54,DuLieu!$T$3:$T$101921,">=8", DuLieu!$T$3:$T$101921,"<=14",DuLieu!$U$3:$U$101921,$R54) | H54: =IF(F54>=G54,F54-G54,0) | J54: =SUMIFS(DuLieu!$J$3:$J$11921,DuLieu!$B$3:$B$101921,$A54,DuLieu!$T$3:$T$101921,">=15", DuLieu!$T$3:$T$101921,"<=21",DuLieu!$U$3:$U$101921,$R54) | K54: =IF(I54>=J54,I54-J54,0) | M54: =SUMIFS(DuLieu!$D$3:$D$101921,DuLieu!$B$3:$B$101921,$A54,DuLieu!$T$3:$T$101921,">=1", DuLieu!$T$3:$T$101921,"<=7",DuLieu!$U$3:$U$101921,$R54) | N54: =IF(L54>=M54,L54-M54,0) | O54: 20 | P54: =$D54+$G54+$J54+$M54 | Q54: =IF(O54>=P54,O54-P54,0) | R54: 11
A55: Đặng Hoài Anh | B55: Phiếu GHTT tháng T | C55: 16 | D55: =SUMIFS(DuLieu!$K$3:$K$11921,DuLieu!$B$3:$B$101921,$A55,DuLieu!$T$3:$T$101921,">=1", DuLieu!$T$3:$T$101921,"<=7",DuLieu!$U$3:$U$101921,$R55) | E55: =IF(C55>=D55,C55-D55,0) | F55: 16 | G55: =SUMIFS(DuLieu!$K$3:$K$11921,DuLieu!$B$3:$B$101921,$A55,DuLieu!$T$3:$T$101921,">=8", DuLieu!$T$3:$T$101921,"<=14",DuLieu!$U$3:$U$101921,$R55) | H55: =IF(F55>=G55,F55-G55,0) | I55: 15 | J55: =SUMIFS(DuLieu!$K$3:$K$11921,DuLieu!$B$3:$B$101921,$A55,DuLieu!$T$3:$T$101921,">=15", DuLieu!$T$3:$T$101921,"<=21",DuLieu!$U$3:$U$101921,$R55) | K55: =IF(I55>=J55,I55-J55,0) | L55: 15 | M55: =SUMIFS(DuLieu!$D$3:$D$101921,DuLieu!$B$3:$B$101921,$A55,DuLieu!$T$3:$T$101921,">=1", DuLieu!$T$3:$T$101921,"<=7",DuLieu!$U$3:$U$101921,$R55) | N55: =IF(L55>=M55,L55-M55,0) | O55: 150 | P55: =$D55+$G55+$J55+$M55 | Q55: =IF(O55>=P55,O55-P55,0) | R55: 11
A56: Đặng Hoài Anh | B56: Phiếu GHTT tháng T+1 | C56: 3 | D56: =SUMIFS(DuLieu!$L$3:$L$11921,DuLieu!$B$3:$B$101921,$A56,DuLieu!$T$3:$T$101921,">=1", DuLieu!$T$3:$T$101921,"<=7",DuLieu!$U$3:$U$101921,$R56) | E56: =IF(C56>=D56,C56-D56,0) | F56: 2 | G56: =SUMIFS(DuLieu!$L$3:$L$11921,DuLieu!$B$3:$B$101921,$A56,DuLieu!$T$3:$T$101921,">=8", DuLieu!$T$3:$T$101921,"<=14",DuLieu!$U$3:$U$101921,$R56) | H56: =IF(F56>=G56,F56-G56,0) | J56: =SUMIFS(DuLieu!$L$3:$L$11921,DuLieu!$B$3:$B$101921,$A56,DuLieu!$T$3:$T$101921,">=15", DuLieu!$T$3:$T$101921,"<=21",DuLieu!$U$3:$U$101921,$R56) | K56: =IF(I56>=J56,I56-J56,0) | M56: =SUMIFS(DuLieu!$D$3:$D$101921,DuLieu!$B$3:$B$101921,$A56,DuLieu!$T$3:$T$101921,">=1", DuLieu!$T$3:$T$101921,"<=7",DuLieu!$U$3:$U$101921,$R56) | N56: =IF(L56>=M56,L56-M56,0) | O56: 1 | P56: =$D56+$G56+$J56+$M56 | Q56: =IF(O56>=P56,O56-P56,0) | R56: 11
A57: Vòng Nhật Sang | B57: Tiếp thị DV Fiber | C57: 2 | D57: =SUMIFS(DuLieu!$D$3:$D$11921,DuLieu!$B$3:$B$101921,$A57,DuLieu!$T$3:$T$101921,">=1", DuLieu!$T$3:$T$101921,"<=7",DuLieu!$U$3:$U$101921,$R57) | E57: =IF(C57>=D57,C57-D57,0) | F57: 2 | G57: =SUMIFS(DuLieu!$D$3:$D$11921,DuLieu!$B$3:$B$101921,$A57,DuLieu!$T$3:$T$101921,">=8", DuLieu!$T$3:$T$101921,"<=14",DuLieu!$U$3:$U$101921,$R57) | H57: =IF(F57>=G57,F57-G57,0) | I57: 2 | J57: =SUMIFS(DuLieu!$D$3:$D$11921,DuLieu!$B$3:$B$101921,$A57,DuLieu!$T$3:$T$101921,">=15", DuLieu!$T$3:$T$101921,"<=21",DuLieu!$U$3:$U$101921,$R57) | K57: =IF(I57>=J57,I57-J57,0) | L57: 2 | M57: =SUMIFS(DuLieu!$D$3:$D$101921,DuLieu!$B$3:$B$101921,$A57,DuLieu!$T$3:$T$101921,">=1", DuLieu!$T$3:$T$101921,"<=7",DuLieu!$U$3:$U$101921,$R57) | N57: =IF(L57>=M57,L57-M57,0) | O57: 4 | P57: =$D57+$G57+$J57+$M57 | Q57: =IF(O57>=P57,O57-P57,0) | R57: 11
A58: Vòng Nhật Sang | B58: Tiếp thị DV MyTV | C58: 2 | D58: =SUMIFS(DuLieu!$E$3:$E$11921,DuLieu!$B$3:$B$101921,$A58,DuLieu!$T$3:$T$101921,">=1", DuLieu!$T$3:$T$101921,"<=7",DuLieu!$U$3:$U$101921,$R58) | E58: =IF(C58>=D58,C58-D58,0) | F58: 2 | G58: =SUMIFS(DuLieu!$E$3:$E$11921,DuLieu!$B$3:$B$101921,$A58,DuLieu!$T$3:$T$101921,">=8", DuLieu!$T$3:$T$101921,"<=14",DuLieu!$U$3:$U$101921,$R58) | H58: =IF(F58>=G58,F58-G58,0) | I58: 2 | J58: =SUMIFS(DuLieu!$E$3:$E$11921,DuLieu!$B$3:$B$101921,$A58,DuLieu!$T$3:$T$101921,">=15", DuLieu!$T$3:$T$101921,"<=21",DuLieu!$U$3:$U$101921,$R58) | K58: =IF(I58>=J58,I58-J58,0) | L58: 1 | M58: =SUMIFS(DuLieu!$D$3:$D$101921,DuLieu!$B$3:$B$101921,$A58,DuLieu!$T$3:$T$101921,">=1", DuLieu!$T$3:$T$101921,"<=7",DuLieu!$U$3:$U$101921,$R58) | N58: =IF(L58>=M58,L58-M58,0) | O58: 5 | P58: =$D58+$G58+$J58+$M58 | Q58: =IF(O58>=P58,O58-P58,0) | R58: 11
A59: Vòng Nhật Sang | B59: Tiếp thị DV Camera/Mesh | C59: 1 | D59: =SUMIFS(DuLieu!$F$3:$F$11921,DuLieu!$B$3:$B$101921,$A59,DuLieu!$T$3:$T$101921,">=1", DuLieu!$T$3:$T$101921,"<=7",DuLieu!$U$3:$U$101921,$R59) | E59: =IF(C59>=D59,C59-D59,0) | F59: 1 | G59: =SUMIFS(DuLieu!$F$3:$F$11921,DuLieu!$B$3:$B$101921,$A59,DuLieu!$T$3:$T$101921,">=8", DuLieu!$T$3:$T$101921,"<=14",DuLieu!$U$3:$U$101921,$R59) | H59: =IF(F59>=G59,F59-G59,0) | I59: 1 | J59: =SUMIFS(DuLieu!$F$3:$F$11921,DuLieu!$B$3:$B$101921,$A59,DuLieu!$T$3:$T$101921,">=15", DuLieu!$T$3:$T$101921,"<=21",DuLieu!$U$3:$U$101921,$R59) | K59: =IF(I59>=J59,I59-J59,0) | L59: 0 | M59: =SUMIFS(DuLieu!$D$3:$D$101921,DuLieu!$B$3:$B$101921,$A59,DuLieu!$T$3:$T$101921,">=1", DuLieu!$T$3:$T$101921,"<=7",DuLieu!$U$3:$U$101921,$R59) | N59: =IF(L59>=M59,L59-M59,0) | O59: 6 | P59: =$D59+$G59+$J59+$M59 | Q59: =IF(O59>=P59,O59-P59,0) | R59: 11
A60: Vòng Nhật Sang | B60: Tạm ngưng Fiber | C60: 2 | D60: 1 | E60: =IF(C60>=D60,C60-D60,0) | F60: 2 | G60: =SUMIFS(DuLieu!$G$3:$G$11921,DuLieu!$B$3:$B$101921,D60,DuLieu!$T$3:$T$101921,">=8", DuLieu!$T$3:$T$101921,"<=14",DuLieu!$U$3:$U$101921,$R60) | H60: =IF(F60>=G60,F60-G60,0) | I60: 1 | J60: =SUMIFS(DuLieu!$G$3:$G$11921,DuLieu!$B$3:$B$101921,$A60,DuLieu!$T$3:$T$101921,">=15", DuLieu!$T$3:$T$101921,"<=21",DuLieu!$U$3:$U$101921,$R60) | K60: =IF(I60>=J60,I60-J60,0) | L60: 1 | M60: =SUMIFS(DuLieu!$D$3:$D$101921,DuLieu!$B$3:$B$101921,$A60,DuLieu!$T$3:$T$101921,">=1", DuLieu!$T$3:$T$101921,"<=7",DuLieu!$U$3:$U$101921,$R60) | N60: =IF(L60>=M60,L60-M60,0) | O60: 4 | P60: =$D60+$G60+$J60+$M60 | Q60: =IF(O60>=P60,O60-P60,0) | R60: 11
A61: Vòng Nhật Sang | B61: Tạm ngưng Mytv | C61: 2 | D61: =SUMIFS(DuLieu!$H$3:$H$11921,DuLieu!$B$3:$B$101921,$A61,DuLieu!$T$3:$T$101921,">=1", DuLieu!$T$3:$T$101921,"<=7",DuLieu!$U$3:$U$101921,$R61) | E61: =IF(C61>=D61,C61-D61,0) | G61: =SUMIFS(DuLieu!$H$3:$H$11921,DuLieu!$B$3:$B$101921,$A61,DuLieu!$T$3:$T$101921,">=8", DuLieu!$T$3:$T$101921,"<=14",DuLieu!$U$3:$U$101921,$R61) | H61: =IF(F61>=G61,F61-G61,0) | J61: =SUMIFS(DuLieu!$H$3:$H$11921,DuLieu!$B$3:$B$101921,$A61,DuLieu!$T$3:$T$101921,">=15", DuLieu!$T$3:$T$101921,"<=21",DuLieu!$U$3:$U$101921,$R61) | K61: =IF(I61>=J61,I61-J61,0) | M61: =SUMIFS(DuLieu!$D$3:$D$101921,DuLieu!$B$3:$B$101921,$A61,DuLieu!$T$3:$T$101921,">=1", DuLieu!$T$3:$T$101921,"<=7",DuLieu!$U$3:$U$101921,$R61) | N61: =IF(L61>=M61,L61-M61,0) | O61: 2 | P61: =$D61+$G61+$J61+$M61 | Q61: =IF(O61>=P61,O61-P61,0) | R61: 11
A62: Vòng Nhật Sang | B62: Thay thế ONT 2 băng tần | C62: 10 | D62: =SUMIFS(DuLieu!$I$3:$I$11921,DuLieu!$B$3:$B$101921,$A62,DuLieu!$T$3:$T$101921,">=1", DuLieu!$T$3:$T$101921,"<=7",DuLieu!$U$3:$U$101921,$R62) | E62: =IF(C62>=D62,C62-D62,0) | F62: 10 | G62: =SUMIFS(DuLieu!$I$3:$I$11921,DuLieu!$B$3:$B$101921,$A62,DuLieu!$T$3:$T$101921,">=8", DuLieu!$T$3:$T$101921,"<=14",DuLieu!$U$3:$U$101921,$R62) | H62: =IF(F62>=G62,F62-G62,0) | I62: 10 | J62: =SUMIFS(DuLieu!$I$3:$I$11921,DuLieu!$B$3:$B$101921,$A62,DuLieu!$T$3:$T$101921,">=15", DuLieu!$T$3:$T$101921,"<=21",DuLieu!$U$3:$U$101921,$R62) | K62: =IF(I62>=J62,I62-J62,0) | L62: 10 | M62: =SUMIFS(DuLieu!$D$3:$D$101921,DuLieu!$B$3:$B$101921,$A62,DuLieu!$T$3:$T$101921,">=1", DuLieu!$T$3:$T$101921,"<=7",DuLieu!$U$3:$U$101921,$R62) | N62: =IF(L62>=M62,L62-M62,0) | O62: 40 | P62: =$D62+$G62+$J62+$M62 | Q62: =IF(O62>=P62,O62-P62,0) | R62: 11
A63: Vòng Nhật Sang | B63: CSKH HVC chuyển XGSPON | D63: =SUMIFS(DuLieu!$J$3:$J$11921,DuLieu!$B$3:$B$101921,$A63,DuLieu!$T$3:$T$101921,">=1", DuLieu!$T$3:$T$101921,"<=7",DuLieu!$U$3:$U$101921,$R63) | E63: =IF(C63>=D63,C63-D63,0) | G63: =SUMIFS(DuLieu!$J$3:$J$11921,DuLieu!$B$3:$B$101921,$A63,DuLieu!$T$3:$T$101921,">=8", DuLieu!$T$3:$T$101921,"<=14",DuLieu!$U$3:$U$101921,$R63) | H63: =IF(F63>=G63,F63-G63,0) | J63: =SUMIFS(DuLieu!$J$3:$J$11921,DuLieu!$B$3:$B$101921,$A63,DuLieu!$T$3:$T$101921,">=15", DuLieu!$T$3:$T$101921,"<=21",DuLieu!$U$3:$U$101921,$R63) | K63: =IF(I63>=J63,I63-J63,0) | M63: =SUMIFS(DuLieu!$D$3:$D$101921,DuLieu!$B$3:$B$101921,$A63,DuLieu!$T$3:$T$101921,">=1", DuLieu!$T$3:$T$101921,"<=7",DuLieu!$U$3:$U$101921,$R63) | N63: =IF(L63>=M63,L63-M63,0) | O63: 20 | P63: =$D63+$G63+$J63+$M63 | Q63: =IF(O63>=P63,O63-P63,0) | R63: 11
A64: Vòng Nhật Sang | B64: Phiếu GHTT tháng T | C64: 80 | D64: =SUMIFS(DuLieu!$K$3:$K$11921,DuLieu!$B$3:$B$101921,$A64,DuLieu!$T$3:$T$101921,">=1", DuLieu!$T$3:$T$101921,"<=7",DuLieu!$U$3:$U$101921,$R64) | E64: =IF(C64>=D64,C64-D64,0) | F64: 80 | G64: =SUMIFS(DuLieu!$K$3:$K$11921,DuLieu!$B$3:$B$101921,$A64,DuLieu!$T$3:$T$101921,">=8", DuLieu!$T$3:$T$101921,"<=14",DuLieu!$U$3:$U$101921,$R64) | H64: =IF(F64>=G64,F64-G64,0) | I64: 80 | J64: =SUMIFS(DuLieu!$K$3:$K$11921,DuLieu!$B$3:$B$101921,$A64,DuLieu!$T$3:$T$101921,">=15", DuLieu!$T$3:$T$101921,"<=21",DuLieu!$U$3:$U$101921,$R64) | K64: =IF(I64>=J64,I64-J64,0) | L64: 78 | M64: =SUMIFS(DuLieu!$D$3:$D$101921,DuLieu!$B$3:$B$101921,$A64,DuLieu!$T$3:$T$101921,">=1", DuLieu!$T$3:$T$101921,"<=7",DuLieu!$U$3:$U$101921,$R64) | N64: =IF(L64>=M64,L64-M64,0) | O64: 150 | P64: =$D64+$G64+$J64+$M64 | Q64: =IF(O64>=P64,O64-P64,0) | R64: 11
A65: Vòng Nhật Sang | B65: Phiếu GHTT tháng T+1 | C65: 6 | D65: =SUMIFS(DuLieu!$L$3:$L$11921,DuLieu!$B$3:$B$101921,$A65,DuLieu!$T$3:$T$101921,">=1", DuLieu!$T$3:$T$101921,"<=7",DuLieu!$U$3:$U$101921,$R65) | E65: =IF(C65>=D65,C65-D65,0) | F65: 6 | G65: =SUMIFS(DuLieu!$L$3:$L$11921,DuLieu!$B$3:$B$101921,$A65,DuLieu!$T$3:$T$101921,">=8", DuLieu!$T$3:$T$101921,"<=14",DuLieu!$U$3:$U$101921,$R65) | H65: =IF(F65>=G65,F65-G65,0) | I65: 6 | J65: =SUMIFS(DuLieu!$L$3:$L$11921,DuLieu!$B$3:$B$101921,$A65,DuLieu!$T$3:$T$101921,">=15", DuLieu!$T$3:$T$101921,"<=21",DuLieu!$U$3:$U$101921,$R65) | K65: =IF(I65>=J65,I65-J65,0) | L65: 5 | M65: =SUMIFS(DuLieu!$D$3:$D$101921,DuLieu!$B$3:$B$101921,$A65,DuLieu!$T$3:$T$101921,">=1", DuLieu!$T$3:$T$101921,"<=7",DuLieu!$U$3:$U$101921,$R65) | N65: =IF(L65>=M65,L65-M65,0) | O65: 1 | P65: =$D65+$G65+$J65+$M65 | Q65: =IF(O65>=P65,O65-P65,0) | R65: 11
A66: Dương Minh Tiến | B66: Tiếp thị DV Fiber | C66: 2 | D66: =SUMIFS(DuLieu!$D$3:$D$11921,DuLieu!$B$3:$B$101921,$A66,DuLieu!$T$3:$T$101921,">=1", DuLieu!$T$3:$T$101921,"<=7",DuLieu!$U$3:$U$101921,$R66) | E66: =IF(C66>=D66,C66-D66,0) | F66: 2 | G66: =SUMIFS(DuLieu!$D$3:$D$11921,DuLieu!$B$3:$B$101921,$A66,DuLieu!$T$3:$T$101921,">=8", DuLieu!$T$3:$T$101921,"<=14",DuLieu!$U$3:$U$101921,$R66) | H66: =IF(F66>=G66,F66-G66,0) | I66: 2 | J66: =SUMIFS(DuLieu!$D$3:$D$11921,DuLieu!$B$3:$B$101921,$A66,DuLieu!$T$3:$T$101921,">=15", DuLieu!$T$3:$T$101921,"<=21",DuLieu!$U$3:$U$101921,$R66) | K66: =IF(I66>=J66,I66-J66,0) | L66: 2 | M66: =SUMIFS(DuLieu!$D$3:$D$101921,DuLieu!$B$3:$B$101921,$A66,DuLieu!$T$3:$T$101921,">=1", DuLieu!$T$3:$T$101921,"<=7",DuLieu!$U$3:$U$101921,$R66) | N66: =IF(L66>=M66,L66-M66,0) | O66: 4 | P66: =$D66+$G66+$J66+$M66 | Q66: =IF(O66>=P66,O66-P66,0) | R66: 11
A67: Dương Minh Tiến | B67: Tiếp thị DV MyTV | C67: 2 | D67: =SUMIFS(DuLieu!$E$3:$E$11921,DuLieu!$B$3:$B$101921,$A67,DuLieu!$T$3:$T$101921,">=1", DuLieu!$T$3:$T$101921,"<=7",DuLieu!$U$3:$U$101921,$R67) | E67: =IF(C67>=D67,C67-D67,0) | F67: 1 | G67: =SUMIFS(DuLieu!$E$3:$E$11921,DuLieu!$B$3:$B$101921,$A67,DuLieu!$T$3:$T$101921,">=8", DuLieu!$T$3:$T$101921,"<=14",DuLieu!$U$3:$U$101921,$R67) | H67: =IF(F67>=G67,F67-G67,0) | I67: 2 | J67: =SUMIFS(DuLieu!$E$3:$E$11921,DuLieu!$B$3:$B$101921,$A67,DuLieu!$T$3:$T$101921,">=15", DuLieu!$T$3:$T$101921,"<=21",DuLieu!$U$3:$U$101921,$R67) | K67: =IF(I67>=J67,I67-J67,0) | L67: 1 | M67: =SUMIFS(DuLieu!$D$3:$D$101921,DuLieu!$B$3:$B$101921,$A67,DuLieu!$T$3:$T$101921,">=1", DuLieu!$T$3:$T$101921,"<=7",DuLieu!$U$3:$U$101921,$R67) | N67: =IF(L67>=M67,L67-M67,0) | O67: 5 | P67: =$D67+$G67+$J67+$M67 | Q67: =IF(O67>=P67,O67-P67,0) | R67: 11
A68: Dương Minh Tiến | B68: Tiếp thị DV Camera/Mesh | C68: 1 | D68: =SUMIFS(DuLieu!$F$3:$F$11921,DuLieu!$B$3:$B$101921,$A68,DuLieu!$T$3:$T$101921,">=1", DuLieu!$T$3:$T$101921,"<=7",DuLieu!$U$3:$U$101921,$R68) | E68: =IF(C68>=D68,C68-D68,0) | F68: 1 | G68: =SUMIFS(DuLieu!$F$3:$F$11921,DuLieu!$B$3:$B$101921,$A68,DuLieu!$T$3:$T$101921,">=8", DuLieu!$T$3:$T$101921,"<=14",DuLieu!$U$3:$U$101921,$R68) | H68: =IF(F68>=G68,F68-G68,0) | I68: 1 | J68: =SUMIFS(DuLieu!$F$3:$F$11921,DuLieu!$B$3:$B$101921,$A68,DuLieu!$T$3:$T$101921,">=15", DuLieu!$T$3:$T$101921,"<=21",DuLieu!$U$3:$U$101921,$R68) | K68: =IF(I68>=J68,I68-J68,0) | L68: 0 | M68: =SUMIFS(DuLieu!$D$3:$D$101921,DuLieu!$B$3:$B$101921,$A68,DuLieu!$T$3:$T$101921,">=1", DuLieu!$T$3:$T$101921,"<=7",DuLieu!$U$3:$U$101921,$R68) | N68: =IF(L68>=M68,L68-M68,0) | O68: 6 | P68: =$D68+$G68+$J68+$M68 | Q68: =IF(O68>=P68,O68-P68,0) | R68: 11
A69: Dương Minh Tiến | B69: Tạm ngưng Fiber | C69: 2 | D69: =SUMIFS(DuLieu!$G$3:$G$11921,DuLieu!$B$3:$B$101921,$A69,DuLieu!$T$3:$T$101921,">=1", DuLieu!$T$3:$T$101921,"<=7",DuLieu!$U$3:$U$101921,$R69) | E69: =IF(C69>=D69,C69-D69,0) | F69: 1 | G69: =SUMIFS(DuLieu!$G$3:$G$11921,DuLieu!$B$3:$B$101921,D69,DuLieu!$T$3:$T$101921,">=8", DuLieu!$T$3:$T$101921,"<=14",DuLieu!$U$3:$U$101921,$R69) | H69: =IF(F69>=G69,F69-G69,0) | I69: 1 | J69: =SUMIFS(DuLieu!$G$3:$G$11921,DuLieu!$B$3:$B$101921,$A69,DuLieu!$T$3:$T$101921,">=15", DuLieu!$T$3:$T$101921,"<=21",DuLieu!$U$3:$U$101921,$R69) | K69: =IF(I69>=J69,I69-J69,0) | L69: 1 | M69: =SUMIFS(DuLieu!$D$3:$D$101921,DuLieu!$B$3:$B$101921,$A69,DuLieu!$T$3:$T$101921,">=1", DuLieu!$T$3:$T$101921,"<=7",DuLieu!$U$3:$U$101921,$R69) | N69: =IF(L69>=M69,L69-M69,0) | O69: 4 | P69: =$D69+$G69+$J69+$M69 | Q69: =IF(O69>=P69,O69-P69,0) | R69: 11
A70: Dương Minh Tiến | B70: Tạm ngưng Mytv | C70: 2 | D70: =SUMIFS(DuLieu!$H$3:$H$11921,DuLieu!$B$3:$B$101921,$A70,DuLieu!$T$3:$T$101921,">=1", DuLieu!$T$3:$T$101921,"<=7",DuLieu!$U$3:$U$101921,$R70) | E70: =IF(C70>=D70,C70-D70,0) | F70: 1 | G70: =SUMIFS(DuLieu!$H$3:$H$11921,DuLieu!$B$3:$B$101921,$A70,DuLieu!$T$3:$T$101921,">=8", DuLieu!$T$3:$T$101921,"<=14",DuLieu!$U$3:$U$101921,$R70) | H70: =IF(F70>=G70,F70-G70,0) | I70: 1 | J70: =SUMIFS(DuLieu!$H$3:$H$11921,DuLieu!$B$3:$B$101921,$A70,DuLieu!$T$3:$T$101921,">=15", DuLieu!$T$3:$T$101921,"<=21",DuLieu!$U$3:$U$101921,$R70) | K70: =IF(I70>=J70,I70-J70,0) | L70: 1 | M70: =SUMIFS(DuLieu!$D$3:$D$101921,DuLieu!$B$3:$B$101921,$A70,DuLieu!$T$3:$T$101921,">=1", DuLieu!$T$3:$T$101921,"<=7",DuLieu!$U$3:$U$101921,$R70) | N70: =IF(L70>=M70,L70-M70,0) | O70: 2 | P70: =$D70+$G70+$J70+$M70 | Q70: =IF(O70>=P70,O70-P70,0) | R70: 11
A71: Dương Minh Tiến | B71: Thay thế ONT 2 băng tần | C71: 5 | D71: =SUMIFS(DuLieu!$I$3:$I$11921,DuLieu!$B$3:$B$101921,$A71,DuLieu!$T$3:$T$101921,">=1", DuLieu!$T$3:$T$101921,"<=7",DuLieu!$U$3:$U$101921,$R71) | E71: =IF(C71>=D71,C71-D71,0) | F71: 5 | G71: =SUMIFS(DuLieu!$I$3:$I$11921,DuLieu!$B$3:$B$101921,$A71,DuLieu!$T$3:$T$101921,">=8", DuLieu!$T$3:$T$101921,"<=14",DuLieu!$U$3:$U$101921,$R71) | H71: =IF(F71>=G71,F71-G71,0) | I71: 5 | J71: =SUMIFS(DuLieu!$I$3:$I$11921,DuLieu!$B$3:$B$101921,$A71,DuLieu!$T$3:$T$101921,">=15", DuLieu!$T$3:$T$101921,"<=21",DuLieu!$U$3:$U$101921,$R71) | K71: =IF(I71>=J71,I71-J71,0) | L71: 5 | M71: =SUMIFS(DuLieu!$D$3:$D$101921,DuLieu!$B$3:$B$101921,$A71,DuLieu!$T$3:$T$101921,">=1", DuLieu!$T$3:$T$101921,"<=7",DuLieu!$U$3:$U$101921,$R71) | N71: =IF(L71>=M71,L71-M71,0) | O71: 40 | P71: =$D71+$G71+$J71+$M71 | Q71: =IF(O71>=P71,O71-P71,0) | R71: 11
A72: Dương Minh Tiến | B72: CSKH HVC chuyển XGSPON | D72: =SUMIFS(DuLieu!$J$3:$J$11921,DuLieu!$B$3:$B$101921,$A72,DuLieu!$T$3:$T$101921,">=1", DuLieu!$T$3:$T$101921,"<=7",DuLieu!$U$3:$U$101921,$R72) | E72: =IF(C72>=D72,C72-D72,0) | G72: =SUMIFS(DuLieu!$J$3:$J$11921,DuLieu!$B$3:$B$101921,$A72,DuLieu!$T$3:$T$101921,">=8", DuLieu!$T$3:$T$101921,"<=14",DuLieu!$U$3:$U$101921,$R72) | H72: =IF(F72>=G72,F72-G72,0) | J72: =SUMIFS(DuLieu!$J$3:$J$11921,DuLieu!$B$3:$B$101921,$A72,DuLieu!$T$3:$T$101921,">=15", DuLieu!$T$3:$T$101921,"<=21",DuLieu!$U$3:$U$101921,$R72) | K72: =IF(I72>=J72,I72-J72,0) | M72: =SUMIFS(DuLieu!$D$3:$D$101921,DuLieu!$B$3:$B$101921,$A72,DuLieu!$T$3:$T$101921,">=1", DuLieu!$T$3:$T$101921,"<=7",DuLieu!$U$3:$U$101921,$R72) | N72: =IF(L72>=M72,L72-M72,0) | O72: 20 | P72: =$D72+$G72+$J72+$M72 | Q72: =IF(O72>=P72,O72-P72,0) | R72: 11
A73: Dương Minh Tiến | B73: Phiếu GHTT tháng T | C73: 50 | D73: =SUMIFS(DuLieu!$K$3:$K$11921,DuLieu!$B$3:$B$101921,$A73,DuLieu!$T$3:$T$101921,">=1", DuLieu!$T$3:$T$101921,"<=7",DuLieu!$U$3:$U$101921,$R73) | E73: =IF(C73>=D73,C73-D73,0) | F73: 50 | G73: =SUMIFS(DuLieu!$K$3:$K$11921,DuLieu!$B$3:$B$101921,$A73,DuLieu!$T$3:$T$101921,">=8", DuLieu!$T$3:$T$101921,"<=14",DuLieu!$U$3:$U$101921,$R73) | H73: =IF(F73>=G73,F73-G73,0) | I73: 80 | J73: =SUMIFS(DuLieu!$K$3:$K$11921,DuLieu!$B$3:$B$101921,$A73,DuLieu!$T$3:$T$101921,">=15", DuLieu!$T$3:$T$101921,"<=21",DuLieu!$U$3:$U$101921,$R73) | K73: =IF(I73>=J73,I73-J73,0) | L73: 82 | M73: =SUMIFS(DuLieu!$D$3:$D$101921,DuLieu!$B$3:$B$101921,$A73,DuLieu!$T$3:$T$101921,">=1", DuLieu!$T$3:$T$101921,"<=7",DuLieu!$U$3:$U$101921,$R73) | N73: =IF(L73>=M73,L73-M73,0) | O73: 150 | P73: =$D73+$G73+$J73+$M73 | Q73: =IF(O73>=P73,O73-P73,0) | R73: 11
A74: Dương Minh Tiến | B74: Phiếu GHTT tháng T+1 | C74: 9 | D74: =SUMIFS(DuLieu!$L$3:$L$11921,DuLieu!$B$3:$B$101921,$A74,DuLieu!$T$3:$T$101921,">=1", DuLieu!$T$3:$T$101921,"<=7",DuLieu!$U$3:$U$101921,$R74) | E74: =IF(C74>=D74,C74-D74,0) | F74: 8 | G74: =SUMIFS(DuLieu!$L$3:$L$11921,DuLieu!$B$3:$B$101921,$A74,DuLieu!$T$3:$T$101921,">=8", DuLieu!$T$3:$T$101921,"<=14",DuLieu!$U$3:$U$101921,$R74) | H74: =IF(F74>=G74,F74-G74,0) | I74: 8 | J74: =SUMIFS(DuLieu!$L$3:$L$11921,DuLieu!$B$3:$B$101921,$A74,DuLieu!$T$3:$T$101921,">=15", DuLieu!$T$3:$T$101921,"<=21",DuLieu!$U$3:$U$101921,$R74) | K74: =IF(I74>=J74,I74-J74,0) | L74: 8 | M74: =SUMIFS(DuLieu!$D$3:$D$101921,DuLieu!$B$3:$B$101921,$A74,DuLieu!$T$3:$T$101921,">=1", DuLieu!$T$3:$T$101921,"<=7",DuLieu!$U$3:$U$101921,$R74) | N74: =IF(L74>=M74,L74-M74,0) | O74: 1 | P74: =$D74+$G74+$J74+$M74 | Q74: =IF(O74>=P74,O74-P74,0) | R74: 11
A75: Lê Văn Hồng | B75: Tiếp thị DV Fiber | C75: 2 | D75: =SUMIFS(DuLieu!$D$3:$D$11921,DuLieu!$B$3:$B$101921,$A75,DuLieu!$T$3:$T$101921,">=1", DuLieu!$T$3:$T$101921,"<=7",DuLieu!$U$3:$U$101921,$R75) | E75: =IF(C75>=D75,C75-D75,0) | F75: 2 | G75: =SUMIFS(DuLieu!$D$3:$D$11921,DuLieu!$B$3:$B$101921,$A75,DuLieu!$T$3:$T$101921,">=8", DuLieu!$T$3:$T$101921,"<=14",DuLieu!$U$3:$U$101921,$R75) | H75: =IF(F75>=G75,F75-G75,0) | I75: 2 | J75: =SUMIFS(DuLieu!$D$3:$D$11921,DuLieu!$B$3:$B$101921,$A75,DuLieu!$T$3:$T$101921,">=15", DuLieu!$T$3:$T$101921,"<=21",DuLieu!$U$3:$U$101921,$R75) | K75: =IF(I75>=J75,I75-J75,0) | L75: 2 | M75: =SUMIFS(DuLieu!$D$3:$D$101921,DuLieu!$B$3:$B$101921,$A75,DuLieu!$T$3:$T$101921,">=1", DuLieu!$T$3:$T$101921,"<=7",DuLieu!$U$3:$U$101921,$R75) | N75: =IF(L75>=M75,L75-M75,0) | O75: 4 | P75: =$D75+$G75+$J75+$M75 | Q75: =IF(O75>=P75,O75-P75,0) | R75: 11
A76: Lê Văn Hồng | B76: Tiếp thị DV MyTV | C76: 1 | D76: =SUMIFS(DuLieu!$E$3:$E$11921,DuLieu!$B$3:$B$101921,$A76,DuLieu!$T$3:$T$101921,">=1", DuLieu!$T$3:$T$101921,"<=7",DuLieu!$U$3:$U$101921,$R76) | E76: =IF(C76>=D76,C76-D76,0) | F76: 1 | G76: =SUMIFS(DuLieu!$E$3:$E$11921,DuLieu!$B$3:$B$101921,$A76,DuLieu!$T$3:$T$101921,">=8", DuLieu!$T$3:$T$101921,"<=14",DuLieu!$U$3:$U$101921,$R76) | H76: =IF(F76>=G76,F76-G76,0) | I76: 1 | J76: =SUMIFS(DuLieu!$E$3:$E$11921,DuLieu!$B$3:$B$101921,$A76,DuLieu!$T$3:$T$101921,">=15", DuLieu!$T$3:$T$101921,"<=21",DuLieu!$U$3:$U$101921,$R76) | K76: =IF(I76>=J76,I76-J76,0) | L76: 1 | M76: =SUMIFS(DuLieu!$D$3:$D$101921,DuLieu!$B$3:$B$101921,$A76,DuLieu!$T$3:$T$101921,">=1", DuLieu!$T$3:$T$101921,"<=7",DuLieu!$U$3:$U$101921,$R76) | N76: =IF(L76>=M76,L76-M76,0) | O76: 5 | P76: =$D76+$G76+$J76+$M76 | Q76: =IF(O76>=P76,O76-P76,0) | R76: 11
A77: Lê Văn Hồng | B77: Tiếp thị DV Camera/Mesh | C77: 1 | D77: =SUMIFS(DuLieu!$F$3:$F$11921,DuLieu!$B$3:$B$101921,$A77,DuLieu!$T$3:$T$101921,">=1", DuLieu!$T$3:$T$101921,"<=7",DuLieu!$U$3:$U$101921,$R77) | E77: =IF(C77>=D77,C77-D77,0) | F77: 1 | G77: =SUMIFS(DuLieu!$F$3:$F$11921,DuLieu!$B$3:$B$101921,$A77,DuLieu!$T$3:$T$101921,">=8", DuLieu!$T$3:$T$101921,"<=14",DuLieu!$U$3:$U$101921,$R77) | H77: =IF(F77>=G77,F77-G77,0) | I77: 1 | J77: =SUMIFS(DuLieu!$F$3:$F$11921,DuLieu!$B$3:$B$101921,$A77,DuLieu!$T$3:$T$101921,">=15", DuLieu!$T$3:$T$101921,"<=21",DuLieu!$U$3:$U$101921,$R77) | K77: =IF(I77>=J77,I77-J77,0) | L77: 0 | M77: =SUMIFS(DuLieu!$D$3:$D$101921,DuLieu!$B$3:$B$101921,$A77,DuLieu!$T$3:$T$101921,">=1", DuLieu!$T$3:$T$101921,"<=7",DuLieu!$U$3:$U$101921,$R77) | N77: =IF(L77>=M77,L77-M77,0) | O77: 6 | P77: =$D77+$G77+$J77+$M77 | Q77: =IF(O77>=P77,O77-P77,0) | R77: 11
A78: Lê Văn Hồng | B78: Tạm ngưng Fiber | C78: 2 | D78: =SUMIFS(DuLieu!$G$3:$G$11921,DuLieu!$B$3:$B$101921,$A78,DuLieu!$T$3:$T$101921,">=1", DuLieu!$T$3:$T$101921,"<=7",DuLieu!$U$3:$U$101921,$R78) | E78: =IF(C78>=D78,C78-D78,0) | F78: 1 | G78: =SUMIFS(DuLieu!$G$3:$G$11921,DuLieu!$B$3:$B$101921,D78,DuLieu!$T$3:$T$101921,">=8", DuLieu!$T$3:$T$101921,"<=14",DuLieu!$U$3:$U$101921,$R78) | H78: =IF(F78>=G78,F78-G78,0) | I78: 1 | J78: =SUMIFS(DuLieu!$G$3:$G$11921,DuLieu!$B$3:$B$101921,$A78,DuLieu!$T$3:$T$101921,">=15", DuLieu!$T$3:$T$101921,"<=21",DuLieu!$U$3:$U$101921,$R78) | K78: =IF(I78>=J78,I78-J78,0) | L78: 1 | M78: =SUMIFS(DuLieu!$D$3:$D$101921,DuLieu!$B$3:$B$101921,$A78,DuLieu!$T$3:$T$101921,">=1", DuLieu!$T$3:$T$101921,"<=7",DuLieu!$U$3:$U$101921,$R78) | N78: =IF(L78>=M78,L78-M78,0) | O78: 4 | P78: =$D78+$G78+$J78+$M78 | Q78: =IF(O78>=P78,O78-P78,0) | R78: 11
A79: Lê Văn Hồng | B79: Tạm ngưng Mytv | C79: 2 | D79: =SUMIFS(DuLieu!$H$3:$H$11921,DuLieu!$B$3:$B$101921,$A79,DuLieu!$T$3:$T$101921,">=1", DuLieu!$T$3:$T$101921,"<=7",DuLieu!$U$3:$U$101921,$R79) | E79: =IF(C79>=D79,C79-D79,0) | F79: 2 | G79: =SUMIFS(DuLieu!$H$3:$H$11921,DuLieu!$B$3:$B$101921,$A79,DuLieu!$T$3:$T$101921,">=8", DuLieu!$T$3:$T$101921,"<=14",DuLieu!$U$3:$U$101921,$R79) | H79: =IF(F79>=G79,F79-G79,0) | I79: 2 | J79: =SUMIFS(DuLieu!$H$3:$H$11921,DuLieu!$B$3:$B$101921,$A79,DuLieu!$T$3:$T$101921,">=15", DuLieu!$T$3:$T$101921,"<=21",DuLieu!$U$3:$U$101921,$R79) | K79: =IF(I79>=J79,I79-J79,0) | L79: 1 | M79: =SUMIFS(DuLieu!$D$3:$D$101921,DuLieu!$B$3:$B$101921,$A79,DuLieu!$T$3:$T$101921,">=1", DuLieu!$T$3:$T$101921,"<=7",DuLieu!$U$3:$U$101921,$R79) | N79: =IF(L79>=M79,L79-M79,0) | O79: 2 | P79: =$D79+$G79+$J79+$M79 | Q79: =IF(O79>=P79,O79-P79,0) | R79: 11
A80: Lê Văn Hồng | B80: Thay thế ONT 2 băng tần | C80: 5 | D80: =SUMIFS(DuLieu!$I$3:$I$11921,DuLieu!$B$3:$B$101921,$A80,DuLieu!$T$3:$T$101921,">=1", DuLieu!$T$3:$T$101921,"<=7",DuLieu!$U$3:$U$101921,$R80) | E80: =IF(C80>=D80,C80-D80,0) | F80: 5 | G80: =SUMIFS(DuLieu!$I$3:$I$11921,DuLieu!$B$3:$B$101921,$A80,DuLieu!$T$3:$T$101921,">=8", DuLieu!$T$3:$T$101921,"<=14",DuLieu!$U$3:$U$101921,$R80) | H80: =IF(F80>=G80,F80-G80,0) | I80: 5 | J80: =SUMIFS(DuLieu!$I$3:$I$11921,DuLieu!$B$3:$B$101921,$A80,DuLieu!$T$3:$T$101921,">=15", DuLieu!$T$3:$T$101921,"<=21",DuLieu!$U$3:$U$101921,$R80) | K80: =IF(I80>=J80,I80-J80,0) | L80: 5 | M80: =SUMIFS(DuLieu!$D$3:$D$101921,DuLieu!$B$3:$B$101921,$A80,DuLieu!$T$3:$T$101921,">=1", DuLieu!$T$3:$T$101921,"<=7",DuLieu!$U$3:$U$101921,$R80) | N80: =IF(L80>=M80,L80-M80,0) | O80: 40 | P80: =$D80+$G80+$J80+$M80 | Q80: =IF(O80>=P80,O80-P80,0) | R80: 11
A81: Lê Văn Hồng | B81: CSKH HVC chuyển XGSPON | D81: =SUMIFS(DuLieu!$J$3:$J$11921,DuLieu!$B$3:$B$101921,$A81,DuLieu!$T$3:$T$101921,">=1", DuLieu!$T$3:$T$101921,"<=7",DuLieu!$U$3:$U$101921,$R81) | E81: =IF(C81>=D81,C81-D81,0) | G81: =SUMIFS(DuLieu!$J$3:$J$11921,DuLieu!$B$3:$B$101921,$A81,DuLieu!$T$3:$T$101921,">=8", DuLieu!$T$3:$T$101921,"<=14",DuLieu!$U$3:$U$101921,$R81) | H81: =IF(F81>=G81,F81-G81,0) | J81: =SUMIFS(DuLieu!$J$3:$J$11921,DuLieu!$B$3:$B$101921,$A81,DuLieu!$T$3:$T$101921,">=15", DuLieu!$T$3:$T$101921,"<=21",DuLieu!$U$3:$U$101921,$R81) | K81: =IF(I81>=J81,I81-J81,0) | M81: =SUMIFS(DuLieu!$D$3:$D$101921,DuLieu!$B$3:$B$101921,$A81,DuLieu!$T$3:$T$101921,">=1", DuLieu!$T$3:$T$101921,"<=7",DuLieu!$U$3:$U$101921,$R81) | N81: =IF(L81>=M81,L81-M81,0) | O81: 20 | P81: =$D81+$G81+$J81+$M81 | Q81: =IF(O81>=P81,O81-P81,0) | R81: 11
A82: Lê Văn Hồng | B82: Phiếu GHTT tháng T | C82: 55 | D82: =SUMIFS(DuLieu!$K$3:$K$11921,DuLieu!$B$3:$B$101921,$A82,DuLieu!$T$3:$T$101921,">=1", DuLieu!$T$3:$T$101921,"<=7",DuLieu!$U$3:$U$101921,$R82) | E82: =IF(C82>=D82,C82-D82,0) | F82: 55 | G82: =SUMIFS(DuLieu!$K$3:$K$11921,DuLieu!$B$3:$B$101921,$A82,DuLieu!$T$3:$T$101921,">=8", DuLieu!$T$3:$T$101921,"<=14",DuLieu!$U$3:$U$101921,$R82) | H82: =IF(F82>=G82,F82-G82,0) | I82: 55 | J82: =SUMIFS(DuLieu!$K$3:$K$11921,DuLieu!$B$3:$B$101921,$A82,DuLieu!$T$3:$T$101921,">=15", DuLieu!$T$3:$T$101921,"<=21",DuLieu!$U$3:$U$101921,$R82) | K82: =IF(I82>=J82,I82-J82,0) | L82: 52 | M82: =SUMIFS(DuLieu!$D$3:$D$101921,DuLieu!$B$3:$B$101921,$A82,DuLieu!$T$3:$T$101921,">=1", DuLieu!$T$3:$T$101921,"<=7",DuLieu!$U$3:$U$101921,$R82) | N82: =IF(L82>=M82,L82-M82,0) | O82: 150 | P82: =$D82+$G82+$J82+$M82 | Q82: =IF(O82>=P82,O82-P82,0) | R82: 11
A83: Lê Văn Hồng | B83: Phiếu GHTT tháng T+1 | C83: 7 | D83: =SUMIFS(DuLieu!$L$3:$L$11921,DuLieu!$B$3:$B$101921,$A83,DuLieu!$T$3:$T$101921,">=1", DuLieu!$T$3:$T$101921,"<=7",DuLieu!$U$3:$U$101921,$R83) | E83: =IF(C83>=D83,C83-D83,0) | F83: 6 | G83: =SUMIFS(DuLieu!$L$3:$L$11921,DuLieu!$B$3:$B$101921,$A83,DuLieu!$T$3:$T$101921,">=8", DuLieu!$T$3:$T$101921,"<=14",DuLieu!$U$3:$U$101921,$R83) | H83: =IF(F83>=G83,F83-G83,0) | I83: 6 | J83: =SUMIFS(DuLieu!$L$3:$L$11921,DuLieu!$B$3:$B$101921,$A83,DuLieu!$T$3:$T$101921,">=15", DuLieu!$T$3:$T$101921,"<=21",DuLieu!$U$3:$U$101921,$R83) | K83: =IF(I83>=J83,I83-J83,0) | L83: 6 | M83: =SUMIFS(DuLieu!$D$3:$D$101921,DuLieu!$B$3:$B$101921,$A83,DuLieu!$T$3:$T$101921,">=1", DuLieu!$T$3:$T$101921,"<=7",DuLieu!$U$3:$U$101921,$R83) | N83: =IF(L83>=M83,L83-M83,0) | O83: 1 | P83: =$D83+$G83+$J83+$M83 | Q83: =IF(O83>=P83,O83-P83,0) | R83: 11
A84: Trần Minh Khánh | B84: Tiếp thị DV Fiber | C84: 2 | D84: =SUMIFS(DuLieu!$D$3:$D$11921,DuLieu!$B$3:$B$101921,$A84,DuLieu!$T$3:$T$101921,">=1", DuLieu!$T$3:$T$101921,"<=7",DuLieu!$U$3:$U$101921,$R84) | E84: =IF(C84>=D84,C84-D84,0) | F84: 2 | G84: =SUMIFS(DuLieu!$D$3:$D$11921,DuLieu!$B$3:$B$101921,$A84,DuLieu!$T$3:$T$101921,">=8", DuLieu!$T$3:$T$101921,"<=14",DuLieu!$U$3:$U$101921,$R84) | H84: =IF(F84>=G84,F84-G84,0) | I84: 2 | J84: =SUMIFS(DuLieu!$D$3:$D$11921,DuLieu!$B$3:$B$101921,$A84,DuLieu!$T$3:$T$101921,">=15", DuLieu!$T$3:$T$101921,"<=21",DuLieu!$U$3:$U$101921,$R84) | K84: =IF(I84>=J84,I84-J84,0) | L84: 2 | M84: =SUMIFS(DuLieu!$D$3:$D$101921,DuLieu!$B$3:$B$101921,$A84,DuLieu!$T$3:$T$101921,">=1", DuLieu!$T$3:$T$101921,"<=7",DuLieu!$U$3:$U$101921,$R84) | N84: =IF(L84>=M84,L84-M84,0) | O84: 4 | P84: =$D84+$G84+$J84+$M84 | Q84: =IF(O84>=P84,O84-P84,0) | R84: 11
A85: Trần Minh Khánh | B85: Tiếp thị DV MyTV | C85: 2 | D85: =SUMIFS(DuLieu!$E$3:$E$11921,DuLieu!$B$3:$B$101921,$A85,DuLieu!$T$3:$T$101921,">=1", DuLieu!$T$3:$T$101921,"<=7",DuLieu!$U$3:$U$101921,$R85) | E85: =IF(C85>=D85,C85-D85,0) | F85: 2 | G85: =SUMIFS(DuLieu!$E$3:$E$11921,DuLieu!$B$3:$B$101921,$A85,DuLieu!$T$3:$T$101921,">=8", DuLieu!$T$3:$T$101921,"<=14",DuLieu!$U$3:$U$101921,$R85) | H85: =IF(F85>=G85,F85-G85,0) | I85: 1 | J85: =SUMIFS(DuLieu!$E$3:$E$11921,DuLieu!$B$3:$B$101921,$A85,DuLieu!$T$3:$T$101921,">=15", DuLieu!$T$3:$T$101921,"<=21",DuLieu!$U$3:$U$101921,$R85) | K85: =IF(I85>=J85,I85-J85,0) | L85: 1 | M85: =SUMIFS(DuLieu!$D$3:$D$101921,DuLieu!$B$3:$B$101921,$A85,DuLieu!$T$3:$T$101921,">=1", DuLieu!$T$3:$T$101921,"<=7",DuLieu!$U$3:$U$101921,$R85) | N85: =IF(L85>=M85,L85-M85,0) | O85: 5 | P85: =$D85+$G85+$J85+$M85 | Q85: =IF(O85>=P85,O85-P85,0) | R85: 11
A86: Trần Minh Khánh | B86: Tiếp thị DV Camera/Mesh | C86: 1 | D86: =SUMIFS(DuLieu!$F$3:$F$11921,DuLieu!$B$3:$B$101921,$A86,DuLieu!$T$3:$T$101921,">=1", DuLieu!$T$3:$T$101921,"<=7",DuLieu!$U$3:$U$101921,$R86) | E86: =IF(C86>=D86,C86-D86,0) | F86: 1 | G86: =SUMIFS(DuLieu!$F$3:$F$11921,DuLieu!$B$3:$B$101921,$A86,DuLieu!$T$3:$T$101921,">=8", DuLieu!$T$3:$T$101921,"<=14",DuLieu!$U$3:$U$101921,$R86) | H86: =IF(F86>=G86,F86-G86,0) | I86: 1 | J86: =SUMIFS(DuLieu!$F$3:$F$11921,DuLieu!$B$3:$B$101921,$A86,DuLieu!$T$3:$T$101921,">=15", DuLieu!$T$3:$T$101921,"<=21",DuLieu!$U$3:$U$101921,$R86) | K86: =IF(I86>=J86,I86-J86,0) | L86: 0 | M86: =SUMIFS(DuLieu!$D$3:$D$101921,DuLieu!$B$3:$B$101921,$A86,DuLieu!$T$3:$T$101921,">=1", DuLieu!$T$3:$T$101921,"<=7",DuLieu!$U$3:$U$101921,$R86) | N86: =IF(L86>=M86,L86-M86,0) | O86: 6 | P86: =$D86+$G86+$J86+$M86 | Q86: =IF(O86>=P86,O86-P86,0) | R86: 11
A87: Trần Minh Khánh | B87: Tạm ngưng Fiber | C87: 2 | D87: =SUMIFS(DuLieu!$G$3:$G$11921,DuLieu!$B$3:$B$101921,$A87,DuLieu!$T$3:$T$101921,">=1", DuLieu!$T$3:$T$101921,"<=7",DuLieu!$U$3:$U$101921,$R87) | E87: =IF(C87>=D87,C87-D87,0) | F87: 2 | G87: =SUMIFS(DuLieu!$G$3:$G$11921,DuLieu!$B$3:$B$101921,D87,DuLieu!$T$3:$T$101921,">=8", DuLieu!$T$3:$T$101921,"<=14",DuLieu!$U$3:$U$101921,$R87) | H87: =IF(F87>=G87,F87-G87,0) | I87: 1 | J87: =SUMIFS(DuLieu!$G$3:$G$11921,DuLieu!$B$3:$B$101921,$A87,DuLieu!$T$3:$T$101921,">=15", DuLieu!$T$3:$T$101921,"<=21",DuLieu!$U$3:$U$101921,$R87) | K87: =IF(I87>=J87,I87-J87,0) | L87: 1 | M87: =SUMIFS(DuLieu!$D$3:$D$101921,DuLieu!$B$3:$B$101921,$A87,DuLieu!$T$3:$T$101921,">=1", DuLieu!$T$3:$T$101921,"<=7",DuLieu!$U$3:$U$101921,$R87) | N87: =IF(L87>=M87,L87-M87,0) | O87: 4 | P87: =$D87+$G87+$J87+$M87 | Q87: =IF(O87>=P87,O87-P87,0) | R87: 11
A88: Trần Minh Khánh | B88: Tạm ngưng Mytv | C88: 2 | D88: =SUMIFS(DuLieu!$H$3:$H$11921,DuLieu!$B$3:$B$101921,$A88,DuLieu!$T$3:$T$101921,">=1", DuLieu!$T$3:$T$101921,"<=7",DuLieu!$U$3:$U$101921,$R88) | E88: =IF(C88>=D88,C88-D88,0) | F88: 2 | G88: =SUMIFS(DuLieu!$H$3:$H$11921,DuLieu!$B$3:$B$101921,$A88,DuLieu!$T$3:$T$101921,">=8", DuLieu!$T$3:$T$101921,"<=14",DuLieu!$U$3:$U$101921,$R88) | H88: =IF(F88>=G88,F88-G88,0) | I88: 2 | J88: =SUMIFS(DuLieu!$H$3:$H$11921,DuLieu!$B$3:$B$101921,$A88,DuLieu!$T$3:$T$101921,">=15", DuLieu!$T$3:$T$101921,"<=21",DuLieu!$U$3:$U$101921,$R88) | K88: =IF(I88>=J88,I88-J88,0) | L88: 1 | M88: =SUMIFS(DuLieu!$D$3:$D$101921,DuLieu!$B$3:$B$101921,$A88,DuLieu!$T$3:$T$101921,">=1", DuLieu!$T$3:$T$101921,"<=7",DuLieu!$U$3:$U$101921,$R88) | N88: =IF(L88>=M88,L88-M88,0) | O88: 2 | P88: =$D88+$G88+$J88+$M88 | Q88: =IF(O88>=P88,O88-P88,0) | R88: 11
A89: Trần Minh Khánh | B89: Thay thế ONT 2 băng tần | C89: 5 | D89: =SUMIFS(DuLieu!$I$3:$I$11921,DuLieu!$B$3:$B$101921,$A89,DuLieu!$T$3:$T$101921,">=1", DuLieu!$T$3:$T$101921,"<=7",DuLieu!$U$3:$U$101921,$R89) | E89: =IF(C89>=D89,C89-D89,0) | F89: 5 | G89: =SUMIFS(DuLieu!$I$3:$I$11921,DuLieu!$B$3:$B$101921,$A89,DuLieu!$T$3:$T$101921,">=8", DuLieu!$T$3:$T$101921,"<=14",DuLieu!$U$3:$U$101921,$R89) | H89: =IF(F89>=G89,F89-G89,0) | I89: 5 | J89: =SUMIFS(DuLieu!$I$3:$I$11921,DuLieu!$B$3:$B$101921,$A89,DuLieu!$T$3:$T$101921,">=15", DuLieu!$T$3:$T$101921,"<=21",DuLieu!$U$3:$U$101921,$R89) | K89: =IF(I89>=J89,I89-J89,0) | L89: 5 | M89: =SUMIFS(DuLieu!$D$3:$D$101921,DuLieu!$B$3:$B$101921,$A89,DuLieu!$T$3:$T$101921,">=1", DuLieu!$T$3:$T$101921,"<=7",DuLieu!$U$3:$U$101921,$R89) | N89: =IF(L89>=M89,L89-M89,0) | O89: 40 | P89: =$D89+$G89+$J89+$M89 | Q89: =IF(O89>=P89,O89-P89,0) | R89: 11
A90: Trần Minh Khánh | B90: CSKH HVC chuyển XGSPON | D90: =SUMIFS(DuLieu!$J$3:$J$11921,DuLieu!$B$3:$B$101921,$A90,DuLieu!$T$3:$T$101921,">=1", DuLieu!$T$3:$T$101921,"<=7",DuLieu!$U$3:$U$101921,$R90) | E90: =IF(C90>=D90,C90-D90,0) | G90: =SUMIFS(DuLieu!$J$3:$J$11921,DuLieu!$B$3:$B$101921,$A90,DuLieu!$T$3:$T$101921,">=8", DuLieu!$T$3:$T$101921,"<=14",DuLieu!$U$3:$U$101921,$R90) | H90: =IF(F90>=G90,F90-G90,0) | J90: =SUMIFS(DuLieu!$J$3:$J$11921,DuLieu!$B$3:$B$101921,$A90,DuLieu!$T$3:$T$101921,">=15", DuLieu!$T$3:$T$101921,"<=21",DuLieu!$U$3:$U$101921,$R90) | K90: =IF(I90>=J90,I90-J90,0) | M90: =SUMIFS(DuLieu!$D$3:$D$101921,DuLieu!$B$3:$B$101921,$A90,DuLieu!$T$3:$T$101921,">=1", DuLieu!$T$3:$T$101921,"<=7",DuLieu!$U$3:$U$101921,$R90) | N90: =IF(L90>=M90,L90-M90,0) | O90: 20 | P90: =$D90+$G90+$J90+$M90 | Q90: =IF(O90>=P90,O90-P90,0) | R90: 11
A91: Trần Minh Khánh | B91: Phiếu GHTT tháng T | C91: 59 | D91: =SUMIFS(DuLieu!$K$3:$K$11921,DuLieu!$B$3:$B$101921,$A91,DuLieu!$T$3:$T$101921,">=1", DuLieu!$T$3:$T$101921,"<=7",DuLieu!$U$3:$U$101921,$R91) | E91: =IF(C91>=D91,C91-D91,0) | F91: 58 | G91: =SUMIFS(DuLieu!$K$3:$K$11921,DuLieu!$B$3:$B$101921,$A91,DuLieu!$T$3:$T$101921,">=8", DuLieu!$T$3:$T$101921,"<=14",DuLieu!$U$3:$U$101921,$R91) | H91: =IF(F91>=G91,F91-G91,0) | I91: 58 | J91: =SUMIFS(DuLieu!$K$3:$K$11921,DuLieu!$B$3:$B$101921,$A91,DuLieu!$T$3:$T$101921,">=15", DuLieu!$T$3:$T$101921,"<=21",DuLieu!$U$3:$U$101921,$R91) | K91: =IF(I91>=J91,I91-J91,0) | L91: 58 | M91: =SUMIFS(DuLieu!$D$3:$D$101921,DuLieu!$B$3:$B$101921,$A91,DuLieu!$T$3:$T$101921,">=1", DuLieu!$T$3:$T$101921,"<=7",DuLieu!$U$3:$U$101921,$R91) | N91: =IF(L91>=M91,L91-M91,0) | O91: 150 | P91: =$D91+$G91+$J91+$M91 | Q91: =IF(O91>=P91,O91-P91,0) | R91: 11
A92: Trần Minh Khánh | B92: Phiếu GHTT tháng T+1 | C92: 12 | D92: =SUMIFS(DuLieu!$L$3:$L$11921,DuLieu!$B$3:$B$101921,$A92,DuLieu!$T$3:$T$101921,">=1", DuLieu!$T$3:$T$101921,"<=7",DuLieu!$U$3:$U$101921,$R92) | E92: =IF(C92>=D92,C92-D92,0) | F92: 12 | G92: =SUMIFS(DuLieu!$L$3:$L$11921,DuLieu!$B$3:$B$101921,$A92,DuLieu!$T$3:$T$101921,">=8", DuLieu!$T$3:$T$101921,"<=14",DuLieu!$U$3:$U$101921,$R92) | H92: =IF(F92>=G92,F92-G92,0) | I92: 12 | J92: =SUMIFS(DuLieu!$L$3:$L$11921,DuLieu!$B$3:$B$101921,$A92,DuLieu!$T$3:$T$101921,">=15", DuLieu!$T$3:$T$101921,"<=21",DuLieu!$U$3:$U$101921,$R92) | K92: =IF(I92>=J92,I92-J92,0) | L92: 11 | M92: =SUMIFS(DuLieu!$D$3:$D$101921,DuLieu!$B$3:$B$101921,$A92,DuLieu!$T$3:$T$101921,">=1", DuLieu!$T$3:$T$101921,"<=7",DuLieu!$U$3:$U$101921,$R92) | N92: =IF(L92>=M92,L92-M92,0) | O92: 1 | P92: =$D92+$G92+$J92+$M92 | Q92: =IF(O92>=P92,O92-P92,0) | R92: 11
A93: Hoàng Văn Chất | B93: Tiếp thị DV Fiber | C93: 2 | D93: =SUMIFS(DuLieu!$D$3:$D$11921,DuLieu!$B$3:$B$101921,$A93,DuLieu!$T$3:$T$101921,">=1", DuLieu!$T$3:$T$101921,"<=7",DuLieu!$U$3:$U$101921,$R93) | E93: =IF(C93>=D93,C93-D93,0) | F93: 2 | G93: =SUMIFS(DuLieu!$D$3:$D$11921,DuLieu!$B$3:$B$101921,$A93,DuLieu!$T$3:$T$101921,">=8", DuLieu!$T$3:$T$101921,"<=14",DuLieu!$U$3:$U$101921,$R93) | H93: =IF(F93>=G93,F93-G93,0) | I93: 1 | J93: =SUMIFS(DuLieu!$D$3:$D$11921,DuLieu!$B$3:$B$101921,$A93,DuLieu!$T$3:$T$101921,">=15", DuLieu!$T$3:$T$101921,"<=21",DuLieu!$U$3:$U$101921,$R93) | K93: =IF(I93>=J93,I93-J93,0) | L93: 1 | M93: =SUMIFS(DuLieu!$D$3:$D$101921,DuLieu!$B$3:$B$101921,$A93,DuLieu!$T$3:$T$101921,">=1", DuLieu!$T$3:$T$101921,"<=7",DuLieu!$U$3:$U$101921,$R93) | N93: =IF(L93>=M93,L93-M93,0) | O93: 4 | P93: =$D93+$G93+$J93+$M93 | Q93: =IF(O93>=P93,O93-P93,0) | R93: 11
A94: Hoàng Văn Chất | B94: Tiếp thị DV MyTV | C94: 2 | D94: =SUMIFS(DuLieu!$E$3:$E$11921,DuLieu!$B$3:$B$101921,$A94,DuLieu!$T$3:$T$101921,">=1", DuLieu!$T$3:$T$101921,"<=7",DuLieu!$U$3:$U$101921,$R94) | E94: =IF(C94>=D94,C94-D94,0) | F94: 2 | G94: =SUMIFS(DuLieu!$E$3:$E$11921,DuLieu!$B$3:$B$101921,$A94,DuLieu!$T$3:$T$101921,">=8", DuLieu!$T$3:$T$101921,"<=14",DuLieu!$U$3:$U$101921,$R94) | H94: =IF(F94>=G94,F94-G94,0) | I94: 1 | J94: =SUMIFS(DuLieu!$E$3:$E$11921,DuLieu!$B$3:$B$101921,$A94,DuLieu!$T$3:$T$101921,">=15", DuLieu!$T$3:$T$101921,"<=21",DuLieu!$U$3:$U$101921,$R94) | K94: =IF(I94>=J94,I94-J94,0) | L94: 1 | M94: =SUMIFS(DuLieu!$D$3:$D$101921,DuLieu!$B$3:$B$101921,$A94,DuLieu!$T$3:$T$101921,">=1", DuLieu!$T$3:$T$101921,"<=7",DuLieu!$U$3:$U$101921,$R94) | N94: =IF(L94>=M94,L94-M94,0) | O94: 5 | P94: =$D94+$G94+$J94+$M94 | Q94: =IF(O94>=P94,O94-P94,0) | R94: 11
A95: Hoàng Văn Chất | B95: Tiếp thị DV Camera/Mesh | C95: 1 | D95: =SUMIFS(DuLieu!$F$3:$F$11921,DuLieu!$B$3:$B$101921,$A95,DuLieu!$T$3:$T$101921,">=1", DuLieu!$T$3:$T$101921,"<=7",DuLieu!$U$3:$U$101921,$R95) | E95: =IF(C95>=D95,C95-D95,0) | F95: 0 | G95: =SUMIFS(DuLieu!$F$3:$F$11921,DuLieu!$B$3:$B$101921,$A95,DuLieu!$T$3:$T$101921,">=8", DuLieu!$T$3:$T$101921,"<=14",DuLieu!$U$3:$U$101921,$R95) | H95: =IF(F95>=G95,F95-G95,0) | I95: 0 | J95: =SUMIFS(DuLieu!$F$3:$F$11921,DuLieu!$B$3:$B$101921,$A95,DuLieu!$T$3:$T$101921,">=15", DuLieu!$T$3:$T$101921,"<=21",DuLieu!$U$3:$U$101921,$R95) | K95: =IF(I95>=J95,I95-J95,0) | L95: 0 | M95: =SUMIFS(DuLieu!$D$3:$D$101921,DuLieu!$B$3:$B$101921,$A95,DuLieu!$T$3:$T$101921,">=1", DuLieu!$T$3:$T$101921,"<=7",DuLieu!$U$3:$U$101921,$R95) | N95: =IF(L95>=M95,L95-M95,0) | O95: 6 | P95: =$D95+$G95+$J95+$M95 | Q95: =IF(O95>=P95,O95-P95,0) | R95: 11
A96: Hoàng Văn Chất | B96: Tạm ngưng Fiber | C96: 1 | D96: =SUMIFS(DuLieu!$G$3:$G$11921,DuLieu!$B$3:$B$101921,$A96,DuLieu!$T$3:$T$101921,">=1", DuLieu!$T$3:$T$101921,"<=7",DuLieu!$U$3:$U$101921,$R96) | E96: =IF(C96>=D96,C96-D96,0) | F96: 1 | G96: =SUMIFS(DuLieu!$G$3:$G$11921,DuLieu!$B$3:$B$101921,D96,DuLieu!$T$3:$T$101921,">=8", DuLieu!$T$3:$T$101921,"<=14",DuLieu!$U$3:$U$101921,$R96) | H96: =IF(F96>=G96,F96-G96,0) | I96: 1 | J96: =SUMIFS(DuLieu!$G$3:$G$11921,DuLieu!$B$3:$B$101921,$A96,DuLieu!$T$3:$T$101921,">=15", DuLieu!$T$3:$T$101921,"<=21",DuLieu!$U$3:$U$101921,$R96) | K96: =IF(I96>=J96,I96-J96,0) | L96: 0 | M96: =SUMIFS(DuLieu!$D$3:$D$101921,DuLieu!$B$3:$B$101921,$A96,DuLieu!$T$3:$T$101921,">=1", DuLieu!$T$3:$T$101921,"<=7",DuLieu!$U$3:$U$101921,$R96) | N96: =IF(L96>=M96,L96-M96,0) | O96: 4 | P96: =$D96+$G96+$J96+$M96 | Q96: =IF(O96>=P96,O96-P96,0) | R96: 11
A97: Hoàng Văn Chất | B97: Tạm ngưng Mytv | C97: 2 | D97: =SUMIFS(DuLieu!$H$3:$H$11921,DuLieu!$B$3:$B$101921,$A97,DuLieu!$T$3:$T$101921,">=1", DuLieu!$T$3:$T$101921,"<=7",DuLieu!$U$3:$U$101921,$R97) | E97: =IF(C97>=D97,C97-D97,0) | F97: 1 | G97: =SUMIFS(DuLieu!$H$3:$H$11921,DuLieu!$B$3:$B$101921,$A97,DuLieu!$T$3:$T$101921,">=8", DuLieu!$T$3:$T$101921,"<=14",DuLieu!$U$3:$U$101921,$R97) | H97: =IF(F97>=G97,F97-G97,0) | I97: 1 | J97: =SUMIFS(DuLieu!$H$3:$H$11921,DuLieu!$B$3:$B$101921,$A97,DuLieu!$T$3:$T$101921,">=15", DuLieu!$T$3:$T$101921,"<=21",DuLieu!$U$3:$U$101921,$R97) | K97: =IF(I97>=J97,I97-J97,0) | L97: 1 | M97: =SUMIFS(DuLieu!$D$3:$D$101921,DuLieu!$B$3:$B$101921,$A97,DuLieu!$T$3:$T$101921,">=1", DuLieu!$T$3:$T$101921,"<=7",DuLieu!$U$3:$U$101921,$R97) | N97: =IF(L97>=M97,L97-M97,0) | O97: 2 | P97: =$D97+$G97+$J97+$M97 | Q97: =IF(O97>=P97,O97-P97,0) | R97: 11
A98: Hoàng Văn Chất | B98: Thay thế ONT 2 băng tần | D98: =SUMIFS(DuLieu!$I$3:$I$11921,DuLieu!$B$3:$B$101921,$A98,DuLieu!$T$3:$T$101921,">=1", DuLieu!$T$3:$T$101921,"<=7",DuLieu!$U$3:$U$101921,$R98) | E98: =IF(C98>=D98,C98-D98,0) | G98: =SUMIFS(DuLieu!$I$3:$I$11921,DuLieu!$B$3:$B$101921,$A98,DuLieu!$T$3:$T$101921,">=8", DuLieu!$T$3:$T$101921,"<=14",DuLieu!$U$3:$U$101921,$R98) | H98: =IF(F98>=G98,F98-G98,0) | J98: =SUMIFS(DuLieu!$I$3:$I$11921,DuLieu!$B$3:$B$101921,$A98,DuLieu!$T$3:$T$101921,">=15", DuLieu!$T$3:$T$101921,"<=21",DuLieu!$U$3:$U$101921,$R98) | K98: =IF(I98>=J98,I98-J98,0) | M98: =SUMIFS(DuLieu!$D$3:$D$101921,DuLieu!$B$3:$B$101921,$A98,DuLieu!$T$3:$T$101921,">=1", DuLieu!$T$3:$T$101921,"<=7",DuLieu!$U$3:$U$101921,$R98) | N98: =IF(L98>=M98,L98-M98,0) | O98: 40 | P98: =$D98+$G98+$J98+$M98 | Q98: =IF(O98>=P98,O98-P98,0) | R98: 11
A99: Hoàng Văn Chất | B99: CSKH HVC chuyển XGSPON | D99: =SUMIFS(DuLieu!$J$3:$J$11921,DuLieu!$B$3:$B$101921,$A99,DuLieu!$T$3:$T$101921,">=1", DuLieu!$T$3:$T$101921,"<=7",DuLieu!$U$3:$U$101921,$R99) | E99: =IF(C99>=D99,C99-D99,0) | G99: =SUMIFS(DuLieu!$J$3:$J$11921,DuLieu!$B$3:$B$101921,$A99,DuLieu!$T$3:$T$101921,">=8", DuLieu!$T$3:$T$101921,"<=14",DuLieu!$U$3:$U$101921,$R99) | H99: =IF(F99>=G99,F99-G99,0) | J99: =SUMIFS(DuLieu!$J$3:$J$11921,DuLieu!$B$3:$B$101921,$A99,DuLieu!$T$3:$T$101921,">=15", DuLieu!$T$3:$T$101921,"<=21",DuLieu!$U$3:$U$101921,$R99) | K99: =IF(I99>=J99,I99-J99,0) | M99: =SUMIFS(DuLieu!$D$3:$D$101921,DuLieu!$B$3:$B$101921,$A99,DuLieu!$T$3:$T$101921,">=1", DuLieu!$T$3:$T$101921,"<=7",DuLieu!$U$3:$U$101921,$R99) | N99: =IF(L99>=M99,L99-M99,0) | O99: 20 | P99: =$D99+$G99+$J99+$M99 | Q99: =IF(O99>=P99,O99-P99,0) | R99: 11
A100: Hoàng Văn Chất | B100: Phiếu GHTT tháng T | C100: 58 | D100: =SUMIFS(DuLieu!$K$3:$K$11921,DuLieu!$B$3:$B$101921,$A100,DuLieu!$T$3:$T$101921,">=1", DuLieu!$T$3:$T$101921,"<=7",DuLieu!$U$3:$U$101921,$R100) | E100: =IF(C100>=D100,C100-D100,0) | F100: 58 | G100: =SUMIFS(DuLieu!$K$3:$K$11921,DuLieu!$B$3:$B$101921,$A100,DuLieu!$T$3:$T$101921,">=8", DuLieu!$T$3:$T$101921,"<=14",DuLieu!$U$3:$U$101921,$R100) | H100: =IF(F100>=G100,F100-G100,0) | I100: 58 | J100: =SUMIFS(DuLieu!$K$3:$K$11921,DuLieu!$B$3:$B$101921,$A100,DuLieu!$T$3:$T$101921,">=15", DuLieu!$T$3:$T$101921,"<=21",DuLieu!$U$3:$U$101921,$R100) | K100: =IF(I100>=J100,I100-J100,0) | L100: 57 | M100: =SUMIFS(DuLieu!$D$3:$D$101921,DuLieu!$B$3:$B$101921,$A100,DuLieu!$T$3:$T$101921,">=1", DuLieu!$T$3:$T$101921,"<=7",DuLieu!$U$3:$U$101921,$R100) | N100: =IF(L100>=M100,L100-M100,0) | O100: 150 | P100: =$D100+$G100+$J100+$M100 | Q100: =IF(O100>=P100,O100-P100,0) | R100: 11
...

Sheet Giamsat_NhapLieu
B1: HỌ VÀ TÊN | C1: Ngày
A2: STT | B2: =COUNTA(B3:B23) | C2: 1 | D2: 2 | E2: 3 | F2: 4 | G2: 5 | H2: 6 | I2: 7 | J2: 8 | K2: 9 | L2: 10 | M2: 11 | N2: 12 | O2: 13 | P2: 14 | Q2: 15 | R2: 16 | S2: 17 | T2: 18 | U2: 19 | V2: 20 | W2: 21 | X2: 22 | Y2: 23 | Z2: 24 | AA2: 25 | AB2: 26 | AC2: 27 | AD2: 28 | AE2: 29 | AF2: 30 | AG2: 31
A3: 1 | B3: Bùi Duy Cường | C3: =IF( DATE(YEAR(TODAY()),MONTH(TODAY()),C$2) > TODAY(), "", IF( COUNTIFS( DuLieu!$B:$B,$B3, DuLieu!$C:$C,">="&DATE(YEAR(TODAY()),MONTH(TODAY()),C$2), DuLieu!$C:$C,"<"&DATE(YEAR(TODAY()),MONTH(TODAY()),C$2)+1 )>0, "✅", "❌" ) ) | D3: =IF( DATE(YEAR(TODAY()),MONTH(TODAY()),D$2) > TODAY(), "", IF( COUNTIFS( DuLieu!$B:$B,$B3, DuLieu!$C:$C,">="&DATE(YEAR(TODAY()),MONTH(TODAY()),D$2), DuLieu!$C:$C,"<"&DATE(YEAR(TODAY()),MONTH(TODAY()),D$2)+1 )>0, "✅", "❌" ) ) | E3: =IF( DATE(YEAR(TODAY()),MONTH(TODAY()),E$2) > TODAY(), "", IF( COUNTIFS( DuLieu!$B:$B,$B3, DuLieu!$C:$C,">="&DATE(YEAR(TODAY()),MONTH(TODAY()),E$2), DuLieu!$C:$C,"<"&DATE(YEAR(TODAY()),MONTH(TODAY()),E$2)+1 )>0, "✅", "❌" ) ) | F3: =IF( DATE(YEAR(TODAY()),MONTH(TODAY()),F$2) > TODAY(), "", IF( COUNTIFS( DuLieu!$B:$B,$B3, DuLieu!$C:$C,">="&DATE(YEAR(TODAY()),MONTH(TODAY()),F$2), DuLieu!$C:$C,"<"&DATE(YEAR(TODAY()),MONTH(TODAY()),F$2)+1 )>0, "✅", "❌" ) ) | G3: =IF( DATE(YEAR(TODAY()),MONTH(TODAY()),G$2) > TODAY(), "", IF( COUNTIFS( DuLieu!$B:$B,$B3, DuLieu!$C:$C,">="&DATE(YEAR(TODAY()),MONTH(TODAY()),G$2), DuLieu!$C:$C,"<"&DATE(YEAR(TODAY()),MONTH(TODAY()),G$2)+1 )>0, "✅", "❌" ) ) | H3: =IF( DATE(YEAR(TODAY()),MONTH(TODAY()),H$2) > TODAY(), "", IF( COUNTIFS( DuLieu!$B:$B,$B3, DuLieu!$C:$C,">="&DATE(YEAR(TODAY()),MONTH(TODAY()),H$2), DuLieu!$C:$C,"<"&DATE(YEAR(TODAY()),MONTH(TODAY()),H$2)+1 )>0, "✅", "❌" ) ) | I3: =IF( DATE(YEAR(TODAY()),MONTH(TODAY()),I$2) > TODAY(), "", IF( COUNTIFS( DuLieu!$B:$B,$B3, DuLieu!$C:$C,">="&DATE(YEAR(TODAY()),MONTH(TODAY()),I$2), DuLieu!$C:$C,"<"&DATE(YEAR(TODAY()),MONTH(TODAY()),I$2)+1 )>0, "✅", "❌" ) ) | J3: =IF( DATE(YEAR(TODAY()),MONTH(TODAY()),J$2) > TODAY(), "", IF( COUNTIFS( DuLieu!$B:$B,$B3, DuLieu!$C:$C,">="&DATE(YEAR(TODAY()),MONTH(TODAY()),J$2), DuLieu!$C:$C,"<"&DATE(YEAR(TODAY()),MONTH(TODAY()),J$2)+1 )>0, "✅", "❌" ) ) | ... AG3: =IF( DATE(YEAR(TODAY()),MONTH(TODAY()),AG$2) > TODAY(), "", IF( COUNTIFS( DuLieu!$B:$B,$B3, DuLieu!$C:$C,">="&DATE(YEAR(TODAY()),MONTH(TODAY()),AG$2), DuLieu!$C:$C,"<"&DATE(YEAR(TODAY()),MONTH(TODAY()),AG$2)+1 )>0, "✅", "❌" ) )
A4: 2 | B4: Dương Minh Tiến | C4: =IF( DATE(YEAR(TODAY()),MONTH(TODAY()),C$2) > TODAY(), "", IF( COUNTIFS( DuLieu!$B:$B,$B4, DuLieu!$C:$C,">="&DATE(YEAR(TODAY()),MONTH(TODAY()),C$2), DuLieu!$C:$C,"<"&DATE(YEAR(TODAY()),MONTH(TODAY()),C$2)+1 )>0, "✅", "❌" ) ) | D4: =IF( DATE(YEAR(TODAY()),MONTH(TODAY()),D$2) > TODAY(), "", IF( COUNTIFS( DuLieu!$B:$B,$B4, DuLieu!$C:$C,">="&DATE(YEAR(TODAY()),MONTH(TODAY()),D$2), DuLieu!$C:$C,"<"&DATE(YEAR(TODAY()),MONTH(TODAY()),D$2)+1 )>0, "✅", "❌" ) ) | E4: =IF( DATE(YEAR(TODAY()),MONTH(TODAY()),E$2) > TODAY(), "", IF( COUNTIFS( DuLieu!$B:$B,$B4, DuLieu!$C:$C,">="&DATE(YEAR(TODAY()),MONTH(TODAY()),E$2), DuLieu!$C:$C,"<"&DATE(YEAR(TODAY()),MONTH(TODAY()),E$2)+1 )>0, "✅", "❌" ) ) | F4: =IF( DATE(YEAR(TODAY()),MONTH(TODAY()),F$2) > TODAY(), "", IF( COUNTIFS( DuLieu!$B:$B,$B4, DuLieu!$C:$C,">="&DATE(YEAR(TODAY()),MONTH(TODAY()),F$2), DuLieu!$C:$C,"<"&DATE(YEAR(TODAY()),MONTH(TODAY()),F$2)+1 )>0, "✅", "❌" ) ) | G4: =IF( DATE(YEAR(TODAY()),MONTH(TODAY()),G$2) > TODAY(), "", IF( COUNTIFS( DuLieu!$B:$B,$B4, DuLieu!$C:$C,">="&DATE(YEAR(TODAY()),MONTH(TODAY()),G$2), DuLieu!$C:$C,"<"&DATE(YEAR(TODAY()),MONTH(TODAY()),G$2)+1 )>0, "✅", "❌" ) ) | H4: =IF( DATE(YEAR(TODAY()),MONTH(TODAY()),H$2) > TODAY(), "", IF( COUNTIFS( DuLieu!$B:$B,$B4, DuLieu!$C:$C,">="&DATE(YEAR(TODAY()),MONTH(TODAY()),H$2), DuLieu!$C:$C,"<"&DATE(YEAR(TODAY()),MONTH(TODAY()),H$2)+1 )>0, "✅", "❌" ) ) | I4: =IF( DATE(YEAR(TODAY()),MONTH(TODAY()),I$2) > TODAY(), "", IF( COUNTIFS( DuLieu!$B:$B,$B4, DuLieu!$C:$C,">="&DATE(YEAR(TODAY()),MONTH(TODAY()),I$2), DuLieu!$C:$C,"<"&DATE(YEAR(TODAY()),MONTH(TODAY()),I$2)+1 )>0, "✅", "❌" ) ) | J4: =IF( DATE(YEAR(TODAY()),MONTH(TODAY()),J$2) > TODAY(), "", IF( COUNTIFS( DuLieu!$B:$B,$B4, DuLieu!$C:$C,">="&DATE(YEAR(TODAY()),MONTH(TODAY()),J$2), DuLieu!$C:$C,"<"&DATE(YEAR(TODAY()),MONTH(TODAY()),J$2)+1 )>0, "✅", "❌" ) ) | ... AG4: =IF( DATE(YEAR(TODAY()),MONTH(TODAY()),AG$2) > TODAY(), "", IF( COUNTIFS( DuLieu!$B:$B,$B4, DuLieu!$C:$C,">="&DATE(YEAR(TODAY()),MONTH(TODAY()),AG$2), DuLieu!$C:$C,"<"&DATE(YEAR(TODAY()),MONTH(TODAY()),AG$2)+1 )>0, "✅", "❌" ) )
A5: 3 | B5: Hoàng Văn Chất | C5: =IF( DATE(YEAR(TODAY()),MONTH(TODAY()),C$2) > TODAY(), "", IF( COUNTIFS( DuLieu!$B:$B,$B5, DuLieu!$C:$C,">="&DATE(YEAR(TODAY()),MONTH(TODAY()),C$2), DuLieu!$C:$C,"<"&DATE(YEAR(TODAY()),MONTH(TODAY()),C$2)+1 )>0, "✅", "❌" ) ) | D5: =IF( DATE(YEAR(TODAY()),MONTH(TODAY()),D$2) > TODAY(), "", IF( COUNTIFS( DuLieu!$B:$B,$B5, DuLieu!$C:$C,">="&DATE(YEAR(TODAY()),MONTH(TODAY()),D$2), DuLieu!$C:$C,"<"&DATE(YEAR(TODAY()),MONTH(TODAY()),D$2)+1 )>0, "✅", "❌" ) ) | E5: =IF( DATE(YEAR(TODAY()),MONTH(TODAY()),E$2) > TODAY(), "", IF( COUNTIFS( DuLieu!$B:$B,$B5, DuLieu!$C:$C,">="&DATE(YEAR(TODAY()),MONTH(TODAY()),E$2), DuLieu!$C:$C,"<"&DATE(YEAR(TODAY()),MONTH(TODAY()),E$2)+1 )>0, "✅", "❌" ) ) | F5: =IF( DATE(YEAR(TODAY()),MONTH(TODAY()),F$2) > TODAY(), "", IF( COUNTIFS( DuLieu!$B:$B,$B5, DuLieu!$C:$C,">="&DATE(YEAR(TODAY()),MONTH(TODAY()),F$2), DuLieu!$C:$C,"<"&DATE(YEAR(TODAY()),MONTH(TODAY()),F$2)+1 )>0, "✅", "❌" ) ) | G5: =IF( DATE(YEAR(TODAY()),MONTH(TODAY()),G$2) > TODAY(), "", IF( COUNTIFS( DuLieu!$B:$B,$B5, DuLieu!$C:$C,">="&DATE(YEAR(TODAY()),MONTH(TODAY()),G$2), DuLieu!$C:$C,"<"&DATE(YEAR(TODAY()),MONTH(TODAY()),G$2)+1 )>0, "✅", "❌" ) ) | H5: =IF( DATE(YEAR(TODAY()),MONTH(TODAY()),H$2) > TODAY(), "", IF( COUNTIFS( DuLieu!$B:$B,$B5, DuLieu!$C:$C,">="&DATE(YEAR(TODAY()),MONTH(TODAY()),H$2), DuLieu!$C:$C,"<"&DATE(YEAR(TODAY()),MONTH(TODAY()),H$2)+1 )>0, "✅", "❌" ) ) | I5: =IF( DATE(YEAR(TODAY()),MONTH(TODAY()),I$2) > TODAY(), "", IF( COUNTIFS( DuLieu!$B:$B,$B5, DuLieu!$C:$C,">="&DATE(YEAR(TODAY()),MONTH(TODAY()),I$2), DuLieu!$C:$C,"<"&DATE(YEAR(TODAY()),MONTH(TODAY()),I$2)+1 )>0, "✅", "❌" ) ) | J5: =IF( DATE(YEAR(TODAY()),MONTH(TODAY()),J$2) > TODAY(), "", IF( COUNTIFS( DuLieu!$B:$B,$B5, DuLieu!$C:$C,">="&DATE(YEAR(TODAY()),MONTH(TODAY()),J$2), DuLieu!$C:$C,"<"&DATE(YEAR(TODAY()),MONTH(TODAY()),J$2)+1 )>0, "✅", "❌" ) ) | ... AG5: =IF( DATE(YEAR(TODAY()),MONTH(TODAY()),AG$2) > TODAY(), "", IF( COUNTIFS( DuLieu!$B:$B,$B5, DuLieu!$C:$C,">="&DATE(YEAR(TODAY()),MONTH(TODAY()),AG$2), DuLieu!$C:$C,"<"&DATE(YEAR(TODAY()),MONTH(TODAY()),AG$2)+1 )>0, "✅", "❌" ) )
A6: 4 | B6: Huỳnh Văn Lực | C6: =IF( DATE(YEAR(TODAY()),MONTH(TODAY()),C$2) > TODAY(), "", IF( COUNTIFS( DuLieu!$B:$B,$B6, DuLieu!$C:$C,">="&DATE(YEAR(TODAY()),MONTH(TODAY()),C$2), DuLieu!$C:$C,"<"&DATE(YEAR(TODAY()),MONTH(TODAY()),C$2)+1 )>0, "✅", "❌" ) ) | D6: =IF( DATE(YEAR(TODAY()),MONTH(TODAY()),D$2) > TODAY(), "", IF( COUNTIFS( DuLieu!$B:$B,$B6, DuLieu!$C:$C,">="&DATE(YEAR(TODAY()),MONTH(TODAY()),D$2), DuLieu!$C:$C,"<"&DATE(YEAR(TODAY()),MONTH(TODAY()),D$2)+1 )>0, "✅", "❌" ) ) | E6: =IF( DATE(YEAR(TODAY()),MONTH(TODAY()),E$2) > TODAY(), "", IF( COUNTIFS( DuLieu!$B:$B,$B6, DuLieu!$C:$C,">="&DATE(YEAR(TODAY()),MONTH(TODAY()),E$2), DuLieu!$C:$C,"<"&DATE(YEAR(TODAY()),MONTH(TODAY()),E$2)+1 )>0, "✅", "❌" ) ) | F6: =IF( DATE(YEAR(TODAY()),MONTH(TODAY()),F$2) > TODAY(), "", IF( COUNTIFS( DuLieu!$B:$B,$B6, DuLieu!$C:$C,">="&DATE(YEAR(TODAY()),MONTH(TODAY()),F$2), DuLieu!$C:$C,"<"&DATE(YEAR(TODAY()),MONTH(TODAY()),F$2)+1 )>0, "✅", "❌" ) ) | G6: =IF( DATE(YEAR(TODAY()),MONTH(TODAY()),G$2) > TODAY(), "", IF( COUNTIFS( DuLieu!$B:$B,$B6, DuLieu!$C:$C,">="&DATE(YEAR(TODAY()),MONTH(TODAY()),G$2), DuLieu!$C:$C,"<"&DATE(YEAR(TODAY()),MONTH(TODAY()),G$2)+1 )>0, "✅", "❌" ) ) | H6: =IF( DATE(YEAR(TODAY()),MONTH(TODAY()),H$2) > TODAY(), "", IF( COUNTIFS( DuLieu!$B:$B,$B6, DuLieu!$C:$C,">="&DATE(YEAR(TODAY()),MONTH(TODAY()),H$2), DuLieu!$C:$C,"<"&DATE(YEAR(TODAY()),MONTH(TODAY()),H$2)+1 )>0, "✅", "❌" ) ) | I6: =IF( DATE(YEAR(TODAY()),MONTH(TODAY()),I$2) > TODAY(), "", IF( COUNTIFS( DuLieu!$B:$B,$B6, DuLieu!$C:$C,">="&DATE(YEAR(TODAY()),MONTH(TODAY()),I$2), DuLieu!$C:$C,"<"&DATE(YEAR(TODAY()),MONTH(TODAY()),I$2)+1 )>0, "✅", "❌" ) ) | J6: =IF( DATE(YEAR(TODAY()),MONTH(TODAY()),J$2) > TODAY(), "", IF( COUNTIFS( DuLieu!$B:$B,$B6, DuLieu!$C:$C,">="&DATE(YEAR(TODAY()),MONTH(TODAY()),J$2), DuLieu!$C:$C,"<"&DATE(YEAR(TODAY()),MONTH(TODAY()),J$2)+1 )>0, "✅", "❌" ) ) | ... AG6: =IF( DATE(YEAR(TODAY()),MONTH(TODAY()),AG$2) > TODAY(), "", IF( COUNTIFS( DuLieu!$B:$B,$B6, DuLieu!$C:$C,">="&DATE(YEAR(TODAY()),MONTH(TODAY()),AG$2), DuLieu!$C:$C,"<"&DATE(YEAR(TODAY()),MONTH(TODAY()),AG$2)+1 )>0, "✅", "❌" ) )
A7: 5 | B7: Hồ Thái Minh Trí | C7: =IF( DATE(YEAR(TODAY()),MONTH(TODAY()),C$2) > TODAY(), "", IF( COUNTIFS( DuLieu!$B:$B,$B7, DuLieu!$C:$C,">="&DATE(YEAR(TODAY()),MONTH(TODAY()),C$2), DuLieu!$C:$C,"<"&DATE(YEAR(TODAY()),MONTH(TODAY()),C$2)+1 )>0, "✅", "❌" ) ) | D7: =IF( DATE(YEAR(TODAY()),MONTH(TODAY()),D$2) > TODAY(), "", IF( COUNTIFS( DuLieu!$B:$B,$B7, DuLieu!$C:$C,">="&DATE(YEAR(TODAY()),MONTH(TODAY()),D$2), DuLieu!$C:$C,"<"&DATE(YEAR(TODAY()),MONTH(TODAY()),D$2)+1 )>0, "✅", "❌" ) ) | E7: =IF( DATE(YEAR(TODAY()),MONTH(TODAY()),E$2) > TODAY(), "", IF( COUNTIFS( DuLieu!$B:$B,$B7, DuLieu!$C:$C,">="&DATE(YEAR(TODAY()),MONTH(TODAY()),E$2), DuLieu!$C:$C,"<"&DATE(YEAR(TODAY()),MONTH(TODAY()),E$2)+1 )>0, "✅", "❌" ) ) | F7: =IF( DATE(YEAR(TODAY()),MONTH(TODAY()),F$2) > TODAY(), "", IF( COUNTIFS( DuLieu!$B:$B,$B7, DuLieu!$C:$C,">="&DATE(YEAR(TODAY()),MONTH(TODAY()),F$2), DuLieu!$C:$C,"<"&DATE(YEAR(TODAY()),MONTH(TODAY()),F$2)+1 )>0, "✅", "❌" ) ) | G7: =IF( DATE(YEAR(TODAY()),MONTH(TODAY()),G$2) > TODAY(), "", IF( COUNTIFS( DuLieu!$B:$B,$B7, DuLieu!$C:$C,">="&DATE(YEAR(TODAY()),MONTH(TODAY()),G$2), DuLieu!$C:$C,"<"&DATE(YEAR(TODAY()),MONTH(TODAY()),G$2)+1 )>0, "✅", "❌" ) ) | H7: =IF( DATE(YEAR(TODAY()),MONTH(TODAY()),H$2) > TODAY(), "", IF( COUNTIFS( DuLieu!$B:$B,$B7, DuLieu!$C:$C,">="&DATE(YEAR(TODAY()),MONTH(TODAY()),H$2), DuLieu!$C:$C,"<"&DATE(YEAR(TODAY()),MONTH(TODAY()),H$2)+1 )>0, "✅", "❌" ) ) | I7: =IF( DATE(YEAR(TODAY()),MONTH(TODAY()),I$2) > TODAY(), "", IF( COUNTIFS( DuLieu!$B:$B,$B7, DuLieu!$C:$C,">="&DATE(YEAR(TODAY()),MONTH(TODAY()),I$2), DuLieu!$C:$C,"<"&DATE(YEAR(TODAY()),MONTH(TODAY()),I$2)+1 )>0, "✅", "❌" ) ) | J7: =IF( DATE(YEAR(TODAY()),MONTH(TODAY()),J$2) > TODAY(), "", IF( COUNTIFS( DuLieu!$B:$B,$B7, DuLieu!$C:$C,">="&DATE(YEAR(TODAY()),MONTH(TODAY()),J$2), DuLieu!$C:$C,"<"&DATE(YEAR(TODAY()),MONTH(TODAY()),J$2)+1 )>0, "✅", "❌" ) ) | ... AG7: =IF( DATE(YEAR(TODAY()),MONTH(TODAY()),AG$2) > TODAY(), "", IF( COUNTIFS( DuLieu!$B:$B,$B7, DuLieu!$C:$C,">="&DATE(YEAR(TODAY()),MONTH(TODAY()),AG$2), DuLieu!$C:$C,"<"&DATE(YEAR(TODAY()),MONTH(TODAY()),AG$2)+1 )>0, "✅", "❌" ) )
A8: 6 | B8: Hồ Xuân Việt | C8: =IF( DATE(YEAR(TODAY()),MONTH(TODAY()),C$2) > TODAY(), "", IF( COUNTIFS( DuLieu!$B:$B,$B8, DuLieu!$C:$C,">="&DATE(YEAR(TODAY()),MONTH(TODAY()),C$2), DuLieu!$C:$C,"<"&DATE(YEAR(TODAY()),MONTH(TODAY()),C$2)+1 )>0, "✅", "❌" ) ) | D8: =IF( DATE(YEAR(TODAY()),MONTH(TODAY()),D$2) > TODAY(), "", IF( COUNTIFS( DuLieu!$B:$B,$B8, DuLieu!$C:$C,">="&DATE(YEAR(TODAY()),MONTH(TODAY()),D$2), DuLieu!$C:$C,"<"&DATE(YEAR(TODAY()),MONTH(TODAY()),D$2)+1 )>0, "✅", "❌" ) ) | E8: =IF( DATE(YEAR(TODAY()),MONTH(TODAY()),E$2) > TODAY(), "", IF( COUNTIFS( DuLieu!$B:$B,$B8, DuLieu!$C:$C,">="&DATE(YEAR(TODAY()),MONTH(TODAY()),E$2), DuLieu!$C:$C,"<"&DATE(YEAR(TODAY()),MONTH(TODAY()),E$2)+1 )>0, "✅", "❌" ) ) | F8: =IF( DATE(YEAR(TODAY()),MONTH(TODAY()),F$2) > TODAY(), "", IF( COUNTIFS( DuLieu!$B:$B,$B8, DuLieu!$C:$C,">="&DATE(YEAR(TODAY()),MONTH(TODAY()),F$2), DuLieu!$C:$C,"<"&DATE(YEAR(TODAY()),MONTH(TODAY()),F$2)+1 )>0, "✅", "❌" ) ) | G8: =IF( DATE(YEAR(TODAY()),MONTH(TODAY()),G$2) > TODAY(), "", IF( COUNTIFS( DuLieu!$B:$B,$B8, DuLieu!$C:$C,">="&DATE(YEAR(TODAY()),MONTH(TODAY()),G$2), DuLieu!$C:$C,"<"&DATE(YEAR(TODAY()),MONTH(TODAY()),G$2)+1 )>0, "✅", "❌" ) ) | H8: =IF( DATE(YEAR(TODAY()),MONTH(TODAY()),H$2) > TODAY(), "", IF( COUNTIFS( DuLieu!$B:$B,$B8, DuLieu!$C:$C,">="&DATE(YEAR(TODAY()),MONTH(TODAY()),H$2), DuLieu!$C:$C,"<"&DATE(YEAR(TODAY()),MONTH(TODAY()),H$2)+1 )>0, "✅", "❌" ) ) | I8: =IF( DATE(YEAR(TODAY()),MONTH(TODAY()),I$2) > TODAY(), "", IF( COUNTIFS( DuLieu!$B:$B,$B8, DuLieu!$C:$C,">="&DATE(YEAR(TODAY()),MONTH(TODAY()),I$2), DuLieu!$C:$C,"<"&DATE(YEAR(TODAY()),MONTH(TODAY()),I$2)+1 )>0, "✅", "❌" ) ) | J8: =IF( DATE(YEAR(TODAY()),MONTH(TODAY()),J$2) > TODAY(), "", IF( COUNTIFS( DuLieu!$B:$B,$B8, DuLieu!$C:$C,">="&DATE(YEAR(TODAY()),MONTH(TODAY()),J$2), DuLieu!$C:$C,"<"&DATE(YEAR(TODAY()),MONTH(TODAY()),J$2)+1 )>0, "✅", "❌" ) ) | ... AG8: =IF( DATE(YEAR(TODAY()),MONTH(TODAY()),AG$2) > TODAY(), "", IF( COUNTIFS( DuLieu!$B:$B,$B8, DuLieu!$C:$C,">="&DATE(YEAR(TODAY()),MONTH(TODAY()),AG$2), DuLieu!$C:$C,"<"&DATE(YEAR(TODAY()),MONTH(TODAY()),AG$2)+1 )>0, "✅", "❌" ) )
A9: 7 | B9: Lê Hồng Phong | C9: =IF( DATE(YEAR(TODAY()),MONTH(TODAY()),C$2) > TODAY(), "", IF( COUNTIFS( DuLieu!$B:$B,$B9, DuLieu!$C:$C,">="&DATE(YEAR(TODAY()),MONTH(TODAY()),C$2), DuLieu!$C:$C,"<"&DATE(YEAR(TODAY()),MONTH(TODAY()),C$2)+1 )>0, "✅", "❌" ) ) | D9: =IF( DATE(YEAR(TODAY()),MONTH(TODAY()),D$2) > TODAY(), "", IF( COUNTIFS( DuLieu!$B:$B,$B9, DuLieu!$C:$C,">="&DATE(YEAR(TODAY()),MONTH(TODAY()),D$2), DuLieu!$C:$C,"<"&DATE(YEAR(TODAY()),MONTH(TODAY()),D$2)+1 )>0, "✅", "❌" ) ) | E9: =IF( DATE(YEAR(TODAY()),MONTH(TODAY()),E$2) > TODAY(), "", IF( COUNTIFS( DuLieu!$B:$B,$B9, DuLieu!$C:$C,">="&DATE(YEAR(TODAY()),MONTH(TODAY()),E$2), DuLieu!$C:$C,"<"&DATE(YEAR(TODAY()),MONTH(TODAY()),E$2)+1 )>0, "✅", "❌" ) ) | F9: =IF( DATE(YEAR(TODAY()),MONTH(TODAY()),F$2) > TODAY(), "", IF( COUNTIFS( DuLieu!$B:$B,$B9, DuLieu!$C:$C,">="&DATE(YEAR(TODAY()),MONTH(TODAY()),F$2), DuLieu!$C:$C,"<"&DATE(YEAR(TODAY()),MONTH(TODAY()),F$2)+1 )>0, "✅", "❌" ) ) | G9: =IF( DATE(YEAR(TODAY()),MONTH(TODAY()),G$2) > TODAY(), "", IF( COUNTIFS( DuLieu!$B:$B,$B9, DuLieu!$C:$C,">="&DATE(YEAR(TODAY()),MONTH(TODAY()),G$2), DuLieu!$C:$C,"<"&DATE(YEAR(TODAY()),MONTH(TODAY()),G$2)+1 )>0, "✅", "❌" ) ) | H9: =IF( DATE(YEAR(TODAY()),MONTH(TODAY()),H$2) > TODAY(), "", IF( COUNTIFS( DuLieu!$B:$B,$B9, DuLieu!$C:$C,">="&DATE(YEAR(TODAY()),MONTH(TODAY()),H$2), DuLieu!$C:$C,"<"&DATE(YEAR(TODAY()),MONTH(TODAY()),H$2)+1 )>0, "✅", "❌" ) ) | I9: =IF( DATE(YEAR(TODAY()),MONTH(TODAY()),I$2) > TODAY(), "", IF( COUNTIFS( DuLieu!$B:$B,$B9, DuLieu!$C:$C,">="&DATE(YEAR(TODAY()),MONTH(TODAY()),I$2), DuLieu!$C:$C,"<"&DATE(YEAR(TODAY()),MONTH(TODAY()),I$2)+1 )>0, "✅", "❌" ) ) | J9: =IF( DATE(YEAR(TODAY()),MONTH(TODAY()),J$2) > TODAY(), "", IF( COUNTIFS( DuLieu!$B:$B,$B9, DuLieu!$C:$C,">="&DATE(YEAR(TODAY()),MONTH(TODAY()),J$2), DuLieu!$C:$C,"<"&DATE(YEAR(TODAY()),MONTH(TODAY()),J$2)+1 )>0, "✅", "❌" ) ) | ... AG9: =IF( DATE(YEAR(TODAY()),MONTH(TODAY()),AG$2) > TODAY(), "", IF( COUNTIFS( DuLieu!$B:$B,$B9, DuLieu!$C:$C,">="&DATE(YEAR(TODAY()),MONTH(TODAY()),AG$2), DuLieu!$C:$C,"<"&DATE(YEAR(TODAY()),MONTH(TODAY()),AG$2)+1 )>0, "✅", "❌" ) )
A10: 8 | B10: Lê Quốc Duy | C10: =IF( DATE(YEAR(TODAY()),MONTH(TODAY()),C$2) > TODAY(), "", IF( COUNTIFS( DuLieu!$B:$B,$B10, DuLieu!$C:$C,">="&DATE(YEAR(TODAY()),MONTH(TODAY()),C$2), DuLieu!$C:$C,"<"&DATE(YEAR(TODAY()),MONTH(TODAY()),C$2)+1 )>0, "✅", "❌" ) ) | D10: =IF( DATE(YEAR(TODAY()),MONTH(TODAY()),D$2) > TODAY(), "", IF( COUNTIFS( DuLieu!$B:$B,$B10, DuLieu!$C:$C,">="&DATE(YEAR(TODAY()),MONTH(TODAY()),D$2), DuLieu!$C:$C,"<"&DATE(YEAR(TODAY()),MONTH(TODAY()),D$2)+1 )>0, "✅", "❌" ) ) | E10: =IF( DATE(YEAR(TODAY()),MONTH(TODAY()),E$2) > TODAY(), "", IF( COUNTIFS( DuLieu!$B:$B,$B10, DuLieu!$C:$C,">="&DATE(YEAR(TODAY()),MONTH(TODAY()),E$2), DuLieu!$C:$C,"<"&DATE(YEAR(TODAY()),MONTH(TODAY()),E$2)+1 )>0, "✅", "❌" ) ) | F10: =IF( DATE(YEAR(TODAY()),MONTH(TODAY()),F$2) > TODAY(), "", IF( COUNTIFS( DuLieu!$B:$B,$B10, DuLieu!$C:$C,">="&DATE(YEAR(TODAY()),MONTH(TODAY()),F$2), DuLieu!$C:$C,"<"&DATE(YEAR(TODAY()),MONTH(TODAY()),F$2)+1 )>0, "✅", "❌" ) ) | G10: =IF( DATE(YEAR(TODAY()),MONTH(TODAY()),G$2) > TODAY(), "", IF( COUNTIFS( DuLieu!$B:$B,$B10, DuLieu!$C:$C,">="&DATE(YEAR(TODAY()),MONTH(TODAY()),G$2), DuLieu!$C:$C,"<"&DATE(YEAR(TODAY()),MONTH(TODAY()),G$2)+1 )>0, "✅", "❌" ) ) | H10: =IF( DATE(YEAR(TODAY()),MONTH(TODAY()),H$2) > TODAY(), "", IF( COUNTIFS( DuLieu!$B:$B,$B10, DuLieu!$C:$C,">="&DATE(YEAR(TODAY()),MONTH(TODAY()),H$2), DuLieu!$C:$C,"<"&DATE(YEAR(TODAY()),MONTH(TODAY()),H$2)+1 )>0, "✅", "❌" ) ) | I10: =IF( DATE(YEAR(TODAY()),MONTH(TODAY()),I$2) > TODAY(), "", IF( COUNTIFS( DuLieu!$B:$B,$B10, DuLieu!$C:$C,">="&DATE(YEAR(TODAY()),MONTH(TODAY()),I$2), DuLieu!$C:$C,"<"&DATE(YEAR(TODAY()),MONTH(TODAY()),I$2)+1 )>0, "✅", "❌" ) ) | J10: =IF( DATE(YEAR(TODAY()),MONTH(TODAY()),J$2) > TODAY(), "", IF( COUNTIFS( DuLieu!$B:$B,$B10, DuLieu!$C:$C,">="&DATE(YEAR(TODAY()),MONTH(TODAY()),J$2), DuLieu!$C:$C,"<"&DATE(YEAR(TODAY()),MONTH(TODAY()),J$2)+1 )>0, "✅", "❌" ) ) | ... AG10: =IF( DATE(YEAR(TODAY()),MONTH(TODAY()),AG$2) > TODAY(), "", IF( COUNTIFS( DuLieu!$B:$B,$B10, DuLieu!$C:$C,">="&DATE(YEAR(TODAY()),MONTH(TODAY()),AG$2), DuLieu!$C:$C,"<"&DATE(YEAR(TODAY()),MONTH(TODAY()),AG$2)+1 )>0, "✅", "❌" ) )
A11: 9 | B11: Lê Văn Hồng | C11: =IF( DATE(YEAR(TODAY()),MONTH(TODAY()),C$2) > TODAY(), "", IF( COUNTIFS( DuLieu!$B:$B,$B11, DuLieu!$C:$C,">="&DATE(YEAR(TODAY()),MONTH(TODAY()),C$2), DuLieu!$C:$C,"<"&DATE(YEAR(TODAY()),MONTH(TODAY()),C$2)+1 )>0, "✅", "❌" ) ) | D11: =IF( DATE(YEAR(TODAY()),MONTH(TODAY()),D$2) > TODAY(), "", IF( COUNTIFS( DuLieu!$B:$B,$B11, DuLieu!$C:$C,">="&DATE(YEAR(TODAY()),MONTH(TODAY()),D$2), DuLieu!$C:$C,"<"&DATE(YEAR(TODAY()),MONTH(TODAY()),D$2)+1 )>0, "✅", "❌" ) ) | E11: =IF( DATE(YEAR(TODAY()),MONTH(TODAY()),E$2) > TODAY(), "", IF( COUNTIFS( DuLieu!$B:$B,$B11, DuLieu!$C:$C,">="&DATE(YEAR(TODAY()),MONTH(TODAY()),E$2), DuLieu!$C:$C,"<"&DATE(YEAR(TODAY()),MONTH(TODAY()),E$2)+1 )>0, "✅", "❌" ) ) | F11: =IF( DATE(YEAR(TODAY()),MONTH(TODAY()),F$2) > TODAY(), "", IF( COUNTIFS( DuLieu!$B:$B,$B11, DuLieu!$C:$C,">="&DATE(YEAR(TODAY()),MONTH(TODAY()),F$2), DuLieu!$C:$C,"<"&DATE(YEAR(TODAY()),MONTH(TODAY()),F$2)+1 )>0, "✅", "❌" ) ) | G11: =IF( DATE(YEAR(TODAY()),MONTH(TODAY()),G$2) > TODAY(), "", IF( COUNTIFS( DuLieu!$B:$B,$B11, DuLieu!$C:$C,">="&DATE(YEAR(TODAY()),MONTH(TODAY()),G$2), DuLieu!$C:$C,"<"&DATE(YEAR(TODAY()),MONTH(TODAY()),G$2)+1 )>0, "✅", "❌" ) ) | H11: =IF( DATE(YEAR(TODAY()),MONTH(TODAY()),H$2) > TODAY(), "", IF( COUNTIFS( DuLieu!$B:$B,$B11, DuLieu!$C:$C,">="&DATE(YEAR(TODAY()),MONTH(TODAY()),H$2), DuLieu!$C:$C,"<"&DATE(YEAR(TODAY()),MONTH(TODAY()),H$2)+1 )>0, "✅", "❌" ) ) | I11: =IF( DATE(YEAR(TODAY()),MONTH(TODAY()),I$2) > TODAY(), "", IF( COUNTIFS( DuLieu!$B:$B,$B11, DuLieu!$C:$C,">="&DATE(YEAR(TODAY()),MONTH(TODAY()),I$2), DuLieu!$C:$C,"<"&DATE(YEAR(TODAY()),MONTH(TODAY()),I$2)+1 )>0, "✅", "❌" ) ) | J11: =IF( DATE(YEAR(TODAY()),MONTH(TODAY()),J$2) > TODAY(), "", IF( COUNTIFS( DuLieu!$B:$B,$B11, DuLieu!$C:$C,">="&DATE(YEAR(TODAY()),MONTH(TODAY()),J$2), DuLieu!$C:$C,"<"&DATE(YEAR(TODAY()),MONTH(TODAY()),J$2)+1 )>0, "✅", "❌" ) ) | ... AG11: =IF( DATE(YEAR(TODAY()),MONTH(TODAY()),AG$2) > TODAY(), "", IF( COUNTIFS( DuLieu!$B:$B,$B11, DuLieu!$C:$C,">="&DATE(YEAR(TODAY()),MONTH(TODAY()),AG$2), DuLieu!$C:$C,"<"&DATE(YEAR(TODAY()),MONTH(TODAY()),AG$2)+1 )>0, "✅", "❌" ) )
A12: 10 | B12: Lương Duy Hoàng | C12: =IF( DATE(YEAR(TODAY()),MONTH(TODAY()),C$2) > TODAY(), "", IF( COUNTIFS( DuLieu!$B:$B,$B12, DuLieu!$C:$C,">="&DATE(YEAR(TODAY()),MONTH(TODAY()),C$2), DuLieu!$C:$C,"<"&DATE(YEAR(TODAY()),MONTH(TODAY()),C$2)+1 )>0, "✅", "❌" ) ) | D12: =IF( DATE(YEAR(TODAY()),MONTH(TODAY()),D$2) > TODAY(), "", IF( COUNTIFS( DuLieu!$B:$B,$B12, DuLieu!$C:$C,">="&DATE(YEAR(TODAY()),MONTH(TODAY()),D$2), DuLieu!$C:$C,"<"&DATE(YEAR(TODAY()),MONTH(TODAY()),D$2)+1 )>0, "✅", "❌" ) ) | E12: =IF( DATE(YEAR(TODAY()),MONTH(TODAY()),E$2) > TODAY(), "", IF( COUNTIFS( DuLieu!$B:$B,$B12, DuLieu!$C:$C,">="&DATE(YEAR(TODAY()),MONTH(TODAY()),E$2), DuLieu!$C:$C,"<"&DATE(YEAR(TODAY()),MONTH(TODAY()),E$2)+1 )>0, "✅", "❌" ) ) | F12: =IF( DATE(YEAR(TODAY()),MONTH(TODAY()),F$2) > TODAY(), "", IF( COUNTIFS( DuLieu!$B:$B,$B12, DuLieu!$C:$C,">="&DATE(YEAR(TODAY()),MONTH(TODAY()),F$2), DuLieu!$C:$C,"<"&DATE(YEAR(TODAY()),MONTH(TODAY()),F$2)+1 )>0, "✅", "❌" ) ) | G12: =IF( DATE(YEAR(TODAY()),MONTH(TODAY()),G$2) > TODAY(), "", IF( COUNTIFS( DuLieu!$B:$B,$B12, DuLieu!$C:$C,">="&DATE(YEAR(TODAY()),MONTH(TODAY()),G$2), DuLieu!$C:$C,"<"&DATE(YEAR(TODAY()),MONTH(TODAY()),G$2)+1 )>0, "✅", "❌" ) ) | H12: =IF( DATE(YEAR(TODAY()),MONTH(TODAY()),H$2) > TODAY(), "", IF( COUNTIFS( DuLieu!$B:$B,$B12, DuLieu!$C:$C,">="&DATE(YEAR(TODAY()),MONTH(TODAY()),H$2), DuLieu!$C:$C,"<"&DATE(YEAR(TODAY()),MONTH(TODAY()),H$2)+1 )>0, "✅", "❌" ) ) | I12: =IF( DATE(YEAR(TODAY()),MONTH(TODAY()),I$2) > TODAY(), "", IF( COUNTIFS( DuLieu!$B:$B,$B12, DuLieu!$C:$C,">="&DATE(YEAR(TODAY()),MONTH(TODAY()),I$2), DuLieu!$C:$C,"<"&DATE(YEAR(TODAY()),MONTH(TODAY()),I$2)+1 )>0, "✅", "❌" ) ) | J12: =IF( DATE(YEAR(TODAY()),MONTH(TODAY()),J$2) > TODAY(), "", IF( COUNTIFS( DuLieu!$B:$B,$B12, DuLieu!$C:$C,">="&DATE(YEAR(TODAY()),MONTH(TODAY()),J$2), DuLieu!$C:$C,"<"&DATE(YEAR(TODAY()),MONTH(TODAY()),J$2)+1 )>0, "✅", "❌" ) ) | ... AG12: =IF( DATE(YEAR(TODAY()),MONTH(TODAY()),AG$2) > TODAY(), "", IF( COUNTIFS( DuLieu!$B:$B,$B12, DuLieu!$C:$C,">="&DATE(YEAR(TODAY()),MONTH(TODAY()),AG$2), DuLieu!$C:$C,"<"&DATE(YEAR(TODAY()),MONTH(TODAY()),AG$2)+1 )>0, "✅", "❌" ) )
A13: 11 | B13: Lương Duy Hải | C13: =IF( DATE(YEAR(TODAY()),MONTH(TODAY()),C$2) > TODAY(), "", IF( COUNTIFS( DuLieu!$B:$B,$B13, DuLieu!$C:$C,">="&DATE(YEAR(TODAY()),MONTH(TODAY()),C$2), DuLieu!$C:$C,"<"&DATE(YEAR(TODAY()),MONTH(TODAY()),C$2)+1 )>0, "✅", "❌" ) ) | D13: =IF( DATE(YEAR(TODAY()),MONTH(TODAY()),D$2) > TODAY(), "", IF( COUNTIFS( DuLieu!$B:$B,$B13, DuLieu!$C:$C,">="&DATE(YEAR(TODAY()),MONTH(TODAY()),D$2), DuLieu!$C:$C,"<"&DATE(YEAR(TODAY()),MONTH(TODAY()),D$2)+1 )>0, "✅", "❌" ) ) | E13: =IF( DATE(YEAR(TODAY()),MONTH(TODAY()),E$2) > TODAY(), "", IF( COUNTIFS( DuLieu!$B:$B,$B13, DuLieu!$C:$C,">="&DATE(YEAR(TODAY()),MONTH(TODAY()),E$2), DuLieu!$C:$C,"<"&DATE(YEAR(TODAY()),MONTH(TODAY()),E$2)+1 )>0, "✅", "❌" ) ) | F13: =IF( DATE(YEAR(TODAY()),MONTH(TODAY()),F$2) > TODAY(), "", IF( COUNTIFS( DuLieu!$B:$B,$B13, DuLieu!$C:$C,">="&DATE(YEAR(TODAY()),MONTH(TODAY()),F$2), DuLieu!$C:$C,"<"&DATE(YEAR(TODAY()),MONTH(TODAY()),F$2)+1 )>0, "✅", "❌" ) ) | G13: =IF( DATE(YEAR(TODAY()),MONTH(TODAY()),G$2) > TODAY(), "", IF( COUNTIFS( DuLieu!$B:$B,$B13, DuLieu!$C:$C,">="&DATE(YEAR(TODAY()),MONTH(TODAY()),G$2), DuLieu!$C:$C,"<"&DATE(YEAR(TODAY()),MONTH(TODAY()),G$2)+1 )>0, "✅", "❌" ) ) | H13: =IF( DATE(YEAR(TODAY()),MONTH(TODAY()),H$2) > TODAY(), "", IF( COUNTIFS( DuLieu!$B:$B,$B13, DuLieu!$C:$C,">="&DATE(YEAR(TODAY()),MONTH(TODAY()),H$2), DuLieu!$C:$C,"<"&DATE(YEAR(TODAY()),MONTH(TODAY()),H$2)+1 )>0, "✅", "❌" ) ) | I13: =IF( DATE(YEAR(TODAY()),MONTH(TODAY()),I$2) > TODAY(), "", IF( COUNTIFS( DuLieu!$B:$B,$B13, DuLieu!$C:$C,">="&DATE(YEAR(TODAY()),MONTH(TODAY()),I$2), DuLieu!$C:$C,"<"&DATE(YEAR(TODAY()),MONTH(TODAY()),I$2)+1 )>0, "✅", "❌" ) ) | J13: =IF( DATE(YEAR(TODAY()),MONTH(TODAY()),J$2) > TODAY(), "", IF( COUNTIFS( DuLieu!$B:$B,$B13, DuLieu!$C:$C,">="&DATE(YEAR(TODAY()),MONTH(TODAY()),J$2), DuLieu!$C:$C,"<"&DATE(YEAR(TODAY()),MONTH(TODAY()),J$2)+1 )>0, "✅", "❌" ) ) | ... AG13: =IF( DATE(YEAR(TODAY()),MONTH(TODAY()),AG$2) > TODAY(), "", IF( COUNTIFS( DuLieu!$B:$B,$B13, DuLieu!$C:$C,">="&DATE(YEAR(TODAY()),MONTH(TODAY()),AG$2), DuLieu!$C:$C,"<"&DATE(YEAR(TODAY()),MONTH(TODAY()),AG$2)+1 )>0, "✅", "❌" ) )
A14: 12 | B14: Nguyễn Hồng Minh | C14: =IF( DATE(YEAR(TODAY()),MONTH(TODAY()),C$2) > TODAY(), "", IF( COUNTIFS( DuLieu!$B:$B,$B14, DuLieu!$C:$C,">="&DATE(YEAR(TODAY()),MONTH(TODAY()),C$2), DuLieu!$C:$C,"<"&DATE(YEAR(TODAY()),MONTH(TODAY()),C$2)+1 )>0, "✅", "❌" ) ) | D14: =IF( DATE(YEAR(TODAY()),MONTH(TODAY()),D$2) > TODAY(), "", IF( COUNTIFS( DuLieu!$B:$B,$B14, DuLieu!$C:$C,">="&DATE(YEAR(TODAY()),MONTH(TODAY()),D$2), DuLieu!$C:$C,"<"&DATE(YEAR(TODAY()),MONTH(TODAY()),D$2)+1 )>0, "✅", "❌" ) ) | E14: =IF( DATE(YEAR(TODAY()),MONTH(TODAY()),E$2) > TODAY(), "", IF( COUNTIFS( DuLieu!$B:$B,$B14, DuLieu!$C:$C,">="&DATE(YEAR(TODAY()),MONTH(TODAY()),E$2), DuLieu!$C:$C,"<"&DATE(YEAR(TODAY()),MONTH(TODAY()),E$2)+1 )>0, "✅", "❌" ) ) | F14: =IF( DATE(YEAR(TODAY()),MONTH(TODAY()),F$2) > TODAY(), "", IF( COUNTIFS( DuLieu!$B:$B,$B14, DuLieu!$C:$C,">="&DATE(YEAR(TODAY()),MONTH(TODAY()),F$2), DuLieu!$C:$C,"<"&DATE(YEAR(TODAY()),MONTH(TODAY()),F$2)+1 )>0, "✅", "❌" ) ) | G14: =IF( DATE(YEAR(TODAY()),MONTH(TODAY()),G$2) > TODAY(), "", IF( COUNTIFS( DuLieu!$B:$B,$B14, DuLieu!$C:$C,">="&DATE(YEAR(TODAY()),MONTH(TODAY()),G$2), DuLieu!$C:$C,"<"&DATE(YEAR(TODAY()),MONTH(TODAY()),G$2)+1 )>0, "✅", "❌" ) ) | H14: =IF( DATE(YEAR(TODAY()),MONTH(TODAY()),H$2) > TODAY(), "", IF( COUNTIFS( DuLieu!$B:$B,$B14, DuLieu!$C:$C,">="&DATE(YEAR(TODAY()),MONTH(TODAY()),H$2), DuLieu!$C:$C,"<"&DATE(YEAR(TODAY()),MONTH(TODAY()),H$2)+1 )>0, "✅", "❌" ) ) | I14: =IF( DATE(YEAR(TODAY()),MONTH(TODAY()),I$2) > TODAY(), "", IF( COUNTIFS( DuLieu!$B:$B,$B14, DuLieu!$C:$C,">="&DATE(YEAR(TODAY()),MONTH(TODAY()),I$2), DuLieu!$C:$C,"<"&DATE(YEAR(TODAY()),MONTH(TODAY()),I$2)+1 )>0, "✅", "❌" ) ) | J14: =IF( DATE(YEAR(TODAY()),MONTH(TODAY()),J$2) > TODAY(), "", IF( COUNTIFS( DuLieu!$B:$B,$B14, DuLieu!$C:$C,">="&DATE(YEAR(TODAY()),MONTH(TODAY()),J$2), DuLieu!$C:$C,"<"&DATE(YEAR(TODAY()),MONTH(TODAY()),J$2)+1 )>0, "✅", "❌" ) ) | ... AG14: =IF( DATE(YEAR(TODAY()),MONTH(TODAY()),AG$2) > TODAY(), "", IF( COUNTIFS( DuLieu!$B:$B,$B14, DuLieu!$C:$C,">="&DATE(YEAR(TODAY()),MONTH(TODAY()),AG$2), DuLieu!$C:$C,"<"&DATE(YEAR(TODAY()),MONTH(TODAY()),AG$2)+1 )>0, "✅", "❌" ) )
... A28: 26 | B28: Đặng Hữu Danh | C28: =IF( DATE(YEAR(TODAY()),MONTH(TODAY()),C$2) > TODAY(), "", IF( COUNTIFS( DuLieu!$B:$B,$B28, DuLieu!$C:$C,">="&DATE(YEAR(TODAY()),MONTH(TODAY()),C$2), DuLieu!$C:$C,"<"&DATE(YEAR(TODAY()),MONTH(TODAY()),C$2)+1 )>0, "✅", "❌" ) ) | D28: =IF( DATE(YEAR(TODAY()),MONTH(TODAY()),D$2) > TODAY(), "", IF( COUNTIFS( DuLieu!$B:$B,$B28, DuLieu!$C:$C,">="&DATE(YEAR(TODAY()),MONTH(TODAY()),D$2), DuLieu!$C:$C,"<"&DATE(YEAR(TODAY()),MONTH(TODAY()),D$2)+1 )>0, "✅", "❌" ) ) | E28: =IF( DATE(YEAR(TODAY()),MONTH(TODAY()),E$2) > TODAY(), "", IF( COUNTIFS( DuLieu!$B:$B,$B28, DuLieu!$C:$C,">="&DATE(YEAR(TODAY()),MONTH(TODAY()),E$2), DuLieu!$C:$C,"<"&DATE(YEAR(TODAY()),MONTH(TODAY()),E$2)+1 )>0, "✅", "❌" ) ) | F28: =IF( DATE(YEAR(TODAY()),MONTH(TODAY()),F$2) > TODAY(), "", IF( COUNTIFS( DuLieu!$B:$B,$B28, DuLieu!$C:$C,">="&DATE(YEAR(TODAY()),MONTH(TODAY()),F$2), DuLieu!$C:$C,"<"&DATE(YEAR(TODAY()),MONTH(TODAY()),F$2)+1 )>0, "✅", "❌" ) ) | G28: =IF( DATE(YEAR(TODAY()),MONTH(TODAY()),G$2) > TODAY(), "", IF( COUNTIFS( DuLieu!$B:$B,$B28, DuLieu!$C:$C,">="&DATE(YEAR(TODAY()),MONTH(TODAY()),G$2), DuLieu!$C:$C,"<"&DATE(YEAR(TODAY()),MONTH(TODAY()),G$2)+1 )>0, "✅", "❌" ) ) | H28: =IF( DATE(YEAR(TODAY()),MONTH(TODAY()),H$2) > TODAY(), "", IF( COUNTIFS( DuLieu!$B:$B,$B28, DuLieu!$C:$C,">="&DATE(YEAR(TODAY()),MONTH(TODAY()),H$2), DuLieu!$C:$C,"<"&DATE(YEAR(TODAY()),MONTH(TODAY()),H$2)+1 )>0, "✅", "❌" ) ) | I28: =IF( DATE(YEAR(TODAY()),MONTH(TODAY()),I$2) > TODAY(), "", IF( COUNTIFS( DuLieu!$B:$B,$B28, DuLieu!$C:$C,">="&DATE(YEAR(TODAY()),MONTH(TODAY()),I$2), DuLieu!$C:$C,"<"&DATE(YEAR(TODAY()),MONTH(TODAY()),I$2)+1 )>0, "✅", "❌" ) ) | J28: =IF( DATE(YEAR(TODAY()),MONTH(TODAY()),J$2) > TODAY(), "", IF( COUNTIFS( DuLieu!$B:$B,$B28, DuLieu!$C:$C,">="&DATE(YEAR(TODAY()),MONTH(TODAY()),J$2), DuLieu!$C:$C,"<"&DATE(YEAR(TODAY()),MONTH(TODAY()),J$2)+1 )>0, "✅", "❌" ) ) | ... AG28: =IF( DATE(YEAR(TODAY()),MONTH(TODAY()),AG$2) > TODAY(), "", IF( COUNTIFS( DuLieu!$B:$B,$B28, DuLieu!$C:$C,">="&DATE(YEAR(TODAY()),MONTH(TODAY()),AG$2), DuLieu!$C:$C,"<"&DATE(YEAR(TODAY()),MONTH(TODAY()),AG$2)+1 )>0, "✅", "❌" ) )

Sheet Baocao_tonghop
A1: NHẬP THAM SỐ ĐỂ THỐNG KẾ
A2: Từ Tuần | B2: 1 | C2: Đến tuần | D2: 2
A3: Tháng | B3: 12 | C3: Năm | D3: =YEAR(NOW())
A5: BÁO CÁO TỔNG HỢP CÔNG VIỆC ĐẾN NGÀY 04/12/2025
A7: =IFERROR(__xludf.DUMMYFUNCTION("QUERY( { DuLieu!B2:B101539, DuLieu!D2:S101539, DuLieu!U2:U101539, DuLieu!V2:V101539, ARRAYFORMULA( IF(DuLieu!T2:T101539="""",, IF(DuLieu!T2:T101539<=7, 1, IF(DuLieu!T2:T101539<=14, 2, IF(DuLieu!T2:"&"T101539<=21, 3, 4) ) ) ) ) }, ""select Col1, Col19, Col18, sum(Col2) , sum(Col3), sum(Col4), sum(Col5), sum(Col6), sum(Col7), sum(Col8), sum(Col9), sum(Col10), sum(Col11), sum(Col12), sum(Col13"&"), sum(Col14), sum(Col15), sum(Col16), sum(Col17) where Col1 is not null and Col20 >= ""&B2&"" and Col20<=""&D2&"" and Col18=""&B3&"" group by Col1, Col18, Col19 order by Col18, Col19, Col1 Label Col1 'Họ Và Tên', Col19 'Năm', Col"&"18 'Tháng', sum(Col2) 'Fiber', sum(Col3) 'MyTV', sum(Col4) 'Mesh_Cam' , sum(Col5) 'Ngưng Fiber' , sum(Col6) 'Ngưng MyTV', sum(Col7) 'Chuyển ONT' , sum(Col8) 'Chuyển XGSPON' , sum(Col9) 'GHTT_T' , sum(Col10) 'GHTT_T1', sum(Col11) 'Lắp Đặt/Dịch ch"&"uyển', sum(Col12) 'Thu hồi ONT', sum(Col13) 'Thu hồi Mesh', sum(Col14) 'Xử lý Suy hao', sum(Col15) 'Sửa chữa', sum(Col16) 'B2A', sum(Col17) 'Tiền suy hao'"", 0 )"),"Họ Và Tên") | B7: =IFERROR(__xludf.DUMMYFUNCTION("""COMPUTED_VALUE"""),"Năm") | C7: =IFERROR(__xludf.DUMMYFUNCTION("""COMPUTED_VALUE"""),"Tháng") | D7: =IFERROR(__xludf.DUMMYFUNCTION("""COMPUTED_VALUE"""),"Fiber") | E7: =IFERROR(__xludf.DUMMYFUNCTION("""COMPUTED_VALUE"""),"MyTV") | F7: =IFERROR(__xludf.DUMMYFUNCTION("""COMPUTED_VALUE"""),"Mesh_Cam") | G7: =IFERROR(__xludf.DUMMYFUNCTION("""COMPUTED_VALUE"""),"Ngưng Fiber") | H7: =IFERROR(__xludf.DUMMYFUNCTION("""COMPUTED_VALUE"""),"Ngưng MyTV") | I7: =IFERROR(__xludf.DUMMYFUNCTION("""COMPUTED_VALUE"""),"Chuyển ONT") | J7: =IFERROR(__xludf.DUMMYFUNCTION("""COMPUTED_VALUE"""),"Chuyển XGSPON") | K7: =IFERROR(__xludf.DUMMYFUNCTION("""COMPUTED_VALUE"""),"GHTT_T") | L7: =IFERROR(__xludf.DUMMYFUNCTION("""COMPUTED_VALUE"""),"GHTT_T1") | M7: =IFERROR(__xludf.DUMMYFUNCTION("""COMPUTED_VALUE"""),"Lắp Đặt/Dịch chuyển") | N7: =IFERROR(__xludf.DUMMYFUNCTION("""COMPUTED_VALUE"""),"Thu hồi ONT") | O7: =IFERROR(__xludf.DUMMYFUNCTION("""COMPUTED_VALUE"""),"Thu hồi Mesh") | P7: =IFERROR(__xludf.DUMMYFUNCTION("""COMPUTED_VALUE"""),"Xử lý Suy hao") | Q7: =IFERROR(__xludf.DUMMYFUNCTION("""COMPUTED_VALUE"""),"Sửa chữa") | R7: =IFERROR(__xludf.DUMMYFUNCTION("""COMPUTED_VALUE"""),"B2A") | S7: =IFERROR(__xludf.DUMMYFUNCTION("""COMPUTED_VALUE"""),"Tiền suy hao")
A8: =IFERROR(__xludf.DUMMYFUNCTION("""COMPUTED_VALUE"""),"Bùi Duy Cường") | C8: =IFERROR(__xludf.DUMMYFUNCTION("""COMPUTED_VALUE"""),12) | D8: =IFERROR(__xludf.DUMMYFUNCTION("""COMPUTED_VALUE"""),1) | E8: =IFERROR(__xludf.DUMMYFUNCTION("""COMPUTED_VALUE"""),1) | F8: =IFERROR(__xludf.DUMMYFUNCTION("""COMPUTED_VALUE"""),0) | G8: =IFERROR(__xludf.DUMMYFUNCTION("""COMPUTED_VALUE"""),0) | H8: =IFERROR(__xludf.DUMMYFUNCTION("""COMPUTED_VALUE"""),0) | I8: =IFERROR(__xludf.DUMMYFUNCTION("""COMPUTED_VALUE"""),7) | J8: =IFERROR(__xludf.DUMMYFUNCTION("""COMPUTED_VALUE"""),1) | K8: =IFERROR(__xludf.DUMMYFUNCTION("""COMPUTED_VALUE"""),40) | L8: =IFERROR(__xludf.DUMMYFUNCTION("""COMPUTED_VALUE"""),1) | M8: =IFERROR(__xludf.DUMMYFUNCTION("""COMPUTED_VALUE"""),2) | N8: =IFERROR(__xludf.DUMMYFUNCTION("""COMPUTED_VALUE"""),1) | O8: =IFERROR(__xludf.DUMMYFUNCTION("""COMPUTED_VALUE"""),0) | P8: =IFERROR(__xludf.DUMMYFUNCTION("""COMPUTED_VALUE"""),1) | Q8: =IFERROR(__xludf.DUMMYFUNCTION("""COMPUTED_VALUE"""),4) | R8: =IFERROR(__xludf.DUMMYFUNCTION("""COMPUTED_VALUE"""),0)
A9: =IFERROR(__xludf.DUMMYFUNCTION("""COMPUTED_VALUE"""),"Dương Minh Tiến") | C9: =IFERROR(__xludf.DUMMYFUNCTION("""COMPUTED_VALUE"""),12) | D9: =IFERROR(__xludf.DUMMYFUNCTION("""COMPUTED_VALUE"""),0) | E9: =IFERROR(__xludf.DUMMYFUNCTION("""COMPUTED_VALUE"""),0) | F9: =IFERROR(__xludf.DUMMYFUNCTION("""COMPUTED_VALUE"""),0) | G9: =IFERROR(__xludf.DUMMYFUNCTION("""COMPUTED_VALUE"""),0) | H9: =IFERROR(__xludf.DUMMYFUNCTION("""COMPUTED_VALUE"""),0) | I9: =IFERROR(__xludf.DUMMYFUNCTION("""COMPUTED_VALUE"""),10) | J9: =IFERROR(__xludf.DUMMYFUNCTION("""COMPUTED_VALUE"""),0) | K9: =IFERROR(__xludf.DUMMYFUNCTION("""COMPUTED_VALUE"""),17) | L9: =IFERROR(__xludf.DUMMYFUNCTION("""COMPUTED_VALUE"""),0) | M9: =IFERROR(__xludf.DUMMYFUNCTION("""COMPUTED_VALUE"""),0) | N9: =IFERROR(__xludf.DUMMYFUNCTION("""COMPUTED_VALUE"""),0) | O9: =IFERROR(__xludf.DUMMYFUNCTION("""COMPUTED_VALUE"""),0) | P9: =IFERROR(__xludf.DUMMYFUNCTION("""COMPUTED_VALUE"""),1) | Q9: =IFERROR(__xludf.DUMMYFUNCTION("""COMPUTED_VALUE"""),2) | R9: =IFERROR(__xludf.DUMMYFUNCTION("""COMPUTED_VALUE"""),0)
A10: =IFERROR(__xludf.DUMMYFUNCTION("""COMPUTED_VALUE"""),"Hoàng Văn Chất") | C10: =IFERROR(__xludf.DUMMYFUNCTION("""COMPUTED_VALUE"""),12) | D10: =IFERROR(__xludf.DUMMYFUNCTION("""COMPUTED_VALUE"""),0) | E10: =IFERROR(__xludf.DUMMYFUNCTION("""COMPUTED_VALUE"""),0) | F10: =IFERROR(__xludf.DUMMYFUNCTION("""COMPUTED_VALUE"""),0) | G10: =IFERROR(__xludf.DUMMYFUNCTION("""COMPUTED_VALUE"""),0) | H10: =IFERROR(__xludf.DUMMYFUNCTION("""COMPUTED_VALUE"""),0) | I10: =IFERROR(__xludf.DUMMYFUNCTION("""COMPUTED_VALUE"""),1) | J10: =IFERROR(__xludf.DUMMYFUNCTION("""COMPUTED_VALUE"""),0) | K10: =IFERROR(__xludf.DUMMYFUNCTION("""COMPUTED_VALUE"""),12) | L10: =IFERROR(__xludf.DUMMYFUNCTION("""COMPUTED_VALUE"""),3) | M10: =IFERROR(__xludf.DUMMYFUNCTION("""COMPUTED_VALUE"""),0) | N10: =IFERROR(__xludf.DUMMYFUNCTION("""COMPUTED_VALUE"""),0) | O10: =IFERROR(__xludf.DUMMYFUNCTION("""COMPUTED_VALUE"""),0) | P10: =IFERROR(__xludf.DUMMYFUNCTION("""COMPUTED_VALUE"""),0) | Q10: =IFERROR(__xludf.DUMMYFUNCTION("""COMPUTED_VALUE"""),4) | R10: =IFERROR(__xludf.DUMMYFUNCTION("""COMPUTED_VALUE"""),1)
A11: =IFERROR(__xludf.DUMMYFUNCTION("""COMPUTED_VALUE"""),"Huỳnh Văn Lực") | C11: =IFERROR(__xludf.DUMMYFUNCTION("""COMPUTED_VALUE"""),12) | D11: =IFERROR(__xludf.DUMMYFUNCTION("""COMPUTED_VALUE"""),0) | E11: =IFERROR(__xludf.DUMMYFUNCTION("""COMPUTED_VALUE"""),0) | F11: =IFERROR(__xludf.DUMMYFUNCTION("""COMPUTED_VALUE"""),0) | G11: =IFERROR(__xludf.DUMMYFUNCTION("""COMPUTED_VALUE"""),1) | H11: =IFERROR(__xludf.DUMMYFUNCTION("""COMPUTED_VALUE"""),1) | I11: =IFERROR(__xludf.DUMMYFUNCTION("""COMPUTED_VALUE"""),4) | J11: =IFERROR(__xludf.DUMMYFUNCTION("""COMPUTED_VALUE"""),0) | K11: =IFERROR(__xludf.DUMMYFUNCTION("""COMPUTED_VALUE"""),12) | L11: =IFERROR(__xludf.DUMMYFUNCTION("""COMPUTED_VALUE"""),0) | M11: =IFERROR(__xludf.DUMMYFUNCTION("""COMPUTED_VALUE"""),1) | N11: =IFERROR(__xludf.DUMMYFUNCTION("""COMPUTED_VALUE"""),0) | O11: =IFERROR(__xludf.DUMMYFUNCTION("""COMPUTED_VALUE"""),0) | P11: =IFERROR(__xludf.DUMMYFUNCTION("""COMPUTED_VALUE"""),5) | Q11: =IFERROR(__xludf.DUMMYFUNCTION("""COMPUTED_VALUE"""),3) | R11: =IFERROR(__xludf.DUMMYFUNCTION("""COMPUTED_VALUE"""),2)
A12: =IFERROR(__xludf.DUMMYFUNCTION("""COMPUTED_VALUE"""),"Hồ Thái Minh Trí") | C12: =IFERROR(__xludf.DUMMYFUNCTION("""COMPUTED_VALUE"""),12) | D12: =IFERROR(__xludf.DUMMYFUNCTION("""COMPUTED_VALUE"""),0) | E12: =IFERROR(__xludf.DUMMYFUNCTION("""COMPUTED_VALUE"""),0) | F12: =IFERROR(__xludf.DUMMYFUNCTION("""COMPUTED_VALUE"""),0) | G12: =IFERROR(__xludf.DUMMYFUNCTION("""COMPUTED_VALUE"""),0) | H12: =IFERROR(__xludf.DUMMYFUNCTION("""COMPUTED_VALUE"""),0) | I12: =IFERROR(__xludf.DUMMYFUNCTION("""COMPUTED_VALUE"""),13) | J12: =IFERROR(__xludf.DUMMYFUNCTION("""COMPUTED_VALUE"""),0) | K12: =IFERROR(__xludf.DUMMYFUNCTION("""COMPUTED_VALUE"""),32) | L12: =IFERROR(__xludf.DUMMYFUNCTION("""COMPUTED_VALUE"""),5) | M12: =IFERROR(__xludf.DUMMYFUNCTION("""COMPUTED_VALUE"""),1) | N12: =IFERROR(__xludf.DUMMYFUNCTION("""COMPUTED_VALUE"""),2) | O12: =IFERROR(__xludf.DUMMYFUNCTION("""COMPUTED_VALUE"""),0) | P12: =IFERROR(__xludf.DUMMYFUNCTION("""COMPUTED_VALUE"""),0) | Q12: =IFERROR(__xludf.DUMMYFUNCTION("""COMPUTED_VALUE"""),7) | R12: =IFERROR(__xludf.DUMMYFUNCTION("""COMPUTED_VALUE"""),0)
A13: =IFERROR(__xludf.DUMMYFUNCTION("""COMPUTED_VALUE"""),"Hồ Xuân Việt") | C13: =IFERROR(__xludf.DUMMYFUNCTION("""COMPUTED_VALUE"""),12) | D13: =IFERROR(__xludf.DUMMYFUNCTION("""COMPUTED_VALUE"""),0) | E13: =IFERROR(__xludf.DUMMYFUNCTION("""COMPUTED_VALUE"""),0) | F13: =IFERROR(__xludf.DUMMYFUNCTION("""COMPUTED_VALUE"""),0) | G13: =IFERROR(__xludf.DUMMYFUNCTION("""COMPUTED_VALUE"""),0) | H13: =IFERROR(__xludf.DUMMYFUNCTION("""COMPUTED_VALUE"""),0) | I13: =IFERROR(__xludf.DUMMYFUNCTION("""COMPUTED_VALUE"""),0) | J13: =IFERROR(__xludf.DUMMYFUNCTION("""COMPUTED_VALUE"""),0) | K13: =IFERROR(__xludf.DUMMYFUNCTION("""COMPUTED_VALUE"""),20) | L13: =IFERROR(__xludf.DUMMYFUNCTION("""COMPUTED_VALUE"""),1) | M13: =IFERROR(__xludf.DUMMYFUNCTION("""COMPUTED_VALUE"""),0) | N13: =IFERROR(__xludf.DUMMYFUNCTION("""COMPUTED_VALUE"""),0) | O13: =IFERROR(__xludf.DUMMYFUNCTION("""COMPUTED_VALUE"""),0) | P13: =IFERROR(__xludf.DUMMYFUNCTION("""COMPUTED_VALUE"""),1) | Q13: =IFERROR(__xludf.DUMMYFUNCTION("""COMPUTED_VALUE"""),6) | R13: =IFERROR(__xludf.DUMMYFUNCTION("""COMPUTED_VALUE"""),0)
A14: =IFERROR(__xludf.DUMMYFUNCTION("""COMPUTED_VALUE"""),"Lê Hồng Phong") | C14: =IFERROR(__xludf.DUMMYFUNCTION("""COMPUTED_VALUE"""),12) | D14: =IFERROR(__xludf.DUMMYFUNCTION("""COMPUTED_VALUE"""),3) | E14: =IFERROR(__xludf.DUMMYFUNCTION("""COMPUTED_VALUE"""),3) | F14: =IFERROR(__xludf.DUMMYFUNCTION("""COMPUTED_VALUE"""),3) | G14: =IFERROR(__xludf.DUMMYFUNCTION("""COMPUTED_VALUE"""),0) | H14: =IFERROR(__xludf.DUMMYFUNCTION("""COMPUTED_VALUE"""),0) | I14: =IFERROR(__xludf.DUMMYFUNCTION("""COMPUTED_VALUE"""),3) | J14: =IFERROR(__xludf.DUMMYFUNCTION("""COMPUTED_VALUE"""),3) | K14: =IFERROR(__xludf.DUMMYFUNCTION("""COMPUTED_VALUE"""),3) | L14: =IFERROR(__xludf.DUMMYFUNCTION("""COMPUTED_VALUE"""),12) | M14: =IFERROR(__xludf.DUMMYFUNCTION("""COMPUTED_VALUE"""),3) | N14: =IFERROR(__xludf.DUMMYFUNCTION("""COMPUTED_VALUE"""),3) | O14: =IFERROR(__xludf.DUMMYFUNCTION("""COMPUTED_VALUE"""),2) | P14: =IFERROR(__xludf.DUMMYFUNCTION("""COMPUTED_VALUE"""),3) | Q14: =IFERROR(__xludf.DUMMYFUNCTION("""COMPUTED_VALUE"""),3) | R14: =IFERROR(__xludf.DUMMYFUNCTION("""COMPUTED_VALUE"""),3)
A15: =IFERROR(__xludf.DUMMYFUNCTION("""COMPUTED_VALUE"""),"Lê Quốc Duy") | C15: =IFERROR(__xludf.DUMMYFUNCTION("""COMPUTED_VALUE"""),12) | D15: =IFERROR(__xludf.DUMMYFUNCTION("""COMPUTED_VALUE"""),1) | E15: =IFERROR(__xludf.DUMMYFUNCTION("""COMPUTED_VALUE"""),1) | F15: =IFERROR(__xludf.DUMMYFUNCTION("""COMPUTED_VALUE"""),0) | G15: =IFERROR(__xludf.DUMMYFUNCTION("""COMPUTED_VALUE"""),0) | H15: =IFERROR(__xludf.DUMMYFUNCTION("""COMPUTED_VALUE"""),0) | I15: =IFERROR(__xludf.DUMMYFUNCTION("""COMPUTED_VALUE"""),4) | J15: =IFERROR(__xludf.DUMMYFUNCTION("""COMPUTED_VALUE"""),0) | K15: =IFERROR(__xludf.DUMMYFUNCTION("""COMPUTED_VALUE"""),22) | L15: =IFERROR(__xludf.DUMMYFUNCTION("""COMPUTED_VALUE"""),1) | M15: =IFERROR(__xludf.DUMMYFUNCTION("""COMPUTED_VALUE"""),2) | N15: =IFERROR(__xludf.DUMMYFUNCTION("""COMPUTED_VALUE"""),0) | O15: =IFERROR(__xludf.DUMMYFUNCTION("""COMPUTED_VALUE"""),0) | P15: =IFERROR(__xludf.DUMMYFUNCTION("""COMPUTED_VALUE"""),5) | Q15: =IFERROR(__xludf.DUMMYFUNCTION("""COMPUTED_VALUE"""),5) | R15: =IFERROR(__xludf.DUMMYFUNCTION("""COMPUTED_VALUE"""),0)
A16: =IFERROR(__xludf.DUMMYFUNCTION("""COMPUTED_VALUE"""),"Lê Văn Hồng") | C16: =IFERROR(__xludf.DUMMYFUNCTION("""COMPUTED_VALUE"""),12) | D16: =IFERROR(__xludf.DUMMYFUNCTION("""COMPUTED_VALUE"""),5) | E16: =IFERROR(__xludf.DUMMYFUNCTION("""COMPUTED_VALUE"""),0) | F16: =IFERROR(__xludf.DUMMYFUNCTION("""COMPUTED_VALUE"""),0) | G16: =IFERROR(__xludf.DUMMYFUNCTION("""COMPUTED_VALUE"""),0) | H16: =IFERROR(__xludf.DUMMYFUNCTION("""COMPUTED_VALUE"""),0) | I16: =IFERROR(__xludf.DUMMYFUNCTION("""COMPUTED_VALUE"""),15) | J16: =IFERROR(__xludf.DUMMYFUNCTION("""COMPUTED_VALUE"""),0) | K16: =IFERROR(__xludf.DUMMYFUNCTION("""COMPUTED_VALUE"""),29) | L16: =IFERROR(__xludf.DUMMYFUNCTION("""COMPUTED_VALUE"""),2) | M16: =IFERROR(__xludf.DUMMYFUNCTION("""COMPUTED_VALUE"""),3) | N16: =IFERROR(__xludf.DUMMYFUNCTION("""COMPUTED_VALUE"""),15) | O16: =IFERROR(__xludf.DUMMYFUNCTION("""COMPUTED_VALUE"""),0) | P16: =IFERROR(__xludf.DUMMYFUNCTION("""COMPUTED_VALUE"""),5) | Q16: =IFERROR(__xludf.DUMMYFUNCTION("""COMPUTED_VALUE"""),8) | R16: =IFERROR(__xludf.DUMMYFUNCTION("""COMPUTED_VALUE"""),0)
A17: =IFERROR(__xludf.DUMMYFUNCTION("""COMPUTED_VALUE"""),"Lương Duy Hoàng") | C17: =IFERROR(__xludf.DUMMYFUNCTION("""COMPUTED_VALUE"""),12) | D17: =IFERROR(__xludf.DUMMYFUNCTION("""COMPUTED_VALUE"""),1) | E17: =IFERROR(__xludf.DUMMYFUNCTION("""COMPUTED_VALUE"""),0) | F17: =IFERROR(__xludf.DUMMYFUNCTION("""COMPUTED_VALUE"""),0) | G17: =IFERROR(__xludf.DUMMYFUNCTION("""COMPUTED_VALUE"""),0) | H17: =IFERROR(__xludf.DUMMYFUNCTION("""COMPUTED_VALUE"""),0) | I17: =IFERROR(__xludf.DUMMYFUNCTION("""COMPUTED_VALUE"""),4) | J17: =IFERROR(__xludf.DUMMYFUNCTION("""COMPUTED_VALUE"""),0) | K17: =IFERROR(__xludf.DUMMYFUNCTION("""COMPUTED_VALUE"""),14) | L17: =IFERROR(__xludf.DUMMYFUNCTION("""COMPUTED_VALUE"""),0) | M17: =IFERROR(__xludf.DUMMYFUNCTION("""COMPUTED_VALUE"""),1) | N17: =IFERROR(__xludf.DUMMYFUNCTION("""COMPUTED_VALUE"""),2) | O17: =IFERROR(__xludf.DUMMYFUNCTION("""COMPUTED_VALUE"""),0) | P17: =IFERROR(__xludf.DUMMYFUNCTION("""COMPUTED_VALUE"""),1) | Q17: =IFERROR(__xludf.DUMMYFUNCTION("""COMPUTED_VALUE"""),5) | R17: =IFERROR(__xludf.DUMMYFUNCTION("""COMPUTED_VALUE"""),0)
A18: =IFERROR(__xludf.DUMMYFUNCTION("""COMPUTED_VALUE"""),"Lương Duy Hải") | C18: =IFERROR(__xludf.DUMMYFUNCTION("""COMPUTED_VALUE"""),12) | D18: =IFERROR(__xludf.DUMMYFUNCTION("""COMPUTED_VALUE"""),1) | E18: =IFERROR(__xludf.DUMMYFUNCTION("""COMPUTED_VALUE"""),1) | F18: =IFERROR(__xludf.DUMMYFUNCTION("""COMPUTED_VALUE"""),0) | G18: =IFERROR(__xludf.DUMMYFUNCTION("""COMPUTED_VALUE"""),0) | H18: =IFERROR(__xludf.DUMMYFUNCTION("""COMPUTED_VALUE"""),0) | I18: =IFERROR(__xludf.DUMMYFUNCTION("""COMPUTED_VALUE"""),0) | J18: =IFERROR(__xludf.DUMMYFUNCTION("""COMPUTED_VALUE"""),0) | K18: =IFERROR(__xludf.DUMMYFUNCTION("""COMPUTED_VALUE"""),46) | L18: =IFERROR(__xludf.DUMMYFUNCTION("""COMPUTED_VALUE"""),0) | M18: =IFERROR(__xludf.DUMMYFUNCTION("""COMPUTED_VALUE"""),1) | N18: =IFERROR(__xludf.DUMMYFUNCTION("""COMPUTED_VALUE"""),0) | O18: =IFERROR(__xludf.DUMMYFUNCTION("""COMPUTED_VALUE"""),0) | P18: =IFERROR(__xludf.DUMMYFUNCTION("""COMPUTED_VALUE"""),3) | Q18: =IFERROR(__xludf.DUMMYFUNCTION("""COMPUTED_VALUE"""),12) | R18: =IFERROR(__xludf.DUMMYFUNCTION("""COMPUTED_VALUE"""),2)
A19: =IFERROR(__xludf.DUMMYFUNCTION("""COMPUTED_VALUE"""),"Nguyễn Hồng Minh") | C19: =IFERROR(__xludf.DUMMYFUNCTION("""COMPUTED_VALUE"""),12) | D19: =IFERROR(__xludf.DUMMYFUNCTION("""COMPUTED_VALUE"""),0) | E19: =IFERROR(__xludf.DUMMYFUNCTION("""COMPUTED_VALUE"""),0) | F19: =IFERROR(__xludf.DUMMYFUNCTION("""COMPUTED_VALUE"""),0) | G19: =IFERROR(__xludf.DUMMYFUNCTION("""COMPUTED_VALUE"""),0) | H19: =IFERROR(__xludf.DUMMYFUNCTION("""COMPUTED_VALUE"""),0) | I19: =IFERROR(__xludf.DUMMYFUNCTION("""COMPUTED_VALUE"""),6) | J19: =IFERROR(__xludf.DUMMYFUNCTION("""COMPUTED_VALUE"""),0) | K19: =IFERROR(__xludf.DUMMYFUNCTION("""COMPUTED_VALUE"""),15) | L19: =IFERROR(__xludf.DUMMYFUNCTION("""COMPUTED_VALUE"""),2) | M19: =IFERROR(__xludf.DUMMYFUNCTION("""COMPUTED_VALUE"""),1) | N19: =IFERROR(__xludf.DUMMYFUNCTION("""COMPUTED_VALUE"""),2) | O19: =IFERROR(__xludf.DUMMYFUNCTION("""COMPUTED_VALUE"""),0) | P19: =IFERROR(__xludf.DUMMYFUNCTION("""COMPUTED_VALUE"""),3) | Q19: =IFERROR(__xludf.DUMMYFUNCTION("""COMPUTED_VALUE"""),16) | R19: =IFERROR(__xludf.DUMMYFUNCTION("""COMPUTED_VALUE"""),2)
A20: =IFERROR(__xludf.DUMMYFUNCTION("""COMPUTED_VALUE"""),"Nguyễn Quang Anh Tuấn") | C20: =IFERROR(__xludf.DUMMYFUNCTION("""COMPUTED_VALUE"""),12) | D20: =IFERROR(__xludf.DUMMYFUNCTION("""COMPUTED_VALUE"""),0) | E20: =IFERROR(__xludf.DUMMYFUNCTION("""COMPUTED_VALUE"""),0) | F20: =IFERROR(__xludf.DUMMYFUNCTION("""COMPUTED_VALUE"""),0) | G20: =IFERROR(__xludf.DUMMYFUNCTION("""COMPUTED_VALUE"""),0) | H20: =IFERROR(__xludf.DUMMYFUNCTION("""COMPUTED_VALUE"""),0) | I20: =IFERROR(__xludf.DUMMYFUNCTION("""COMPUTED_VALUE"""),4) | J20: =IFERROR(__xludf.DUMMYFUNCTION("""COMPUTED_VALUE"""),0) | K20: =IFERROR(__xludf.DUMMYFUNCTION("""COMPUTED_VALUE"""),6) | L20: =IFERROR(__xludf.DUMMYFUNCTION("""COMPUTED_VALUE"""),0) | M20: =IFERROR(__xludf.DUMMYFUNCTION("""COMPUTED_VALUE"""),0) | N20: =IFERROR(__xludf.DUMMYFUNCTION("""COMPUTED_VALUE"""),2) | O20: =IFERROR(__xludf.DUMMYFUNCTION("""COMPUTED_VALUE"""),0) | P20: =IFERROR(__xludf.DUMMYFUNCTION("""COMPUTED_VALUE"""),0) | Q20: =IFERROR(__xludf.DUMMYFUNCTION("""COMPUTED_VALUE"""),2) | R20: =IFERROR(__xludf.DUMMYFUNCTION("""COMPUTED_VALUE"""),0)
A21: =IFERROR(__xludf.DUMMYFUNCTION("""COMPUTED_VALUE"""),"Nguyễn Thành Lâm") | C21: =IFERROR(__xludf.DUMMYFUNCTION("""COMPUTED_VALUE"""),12) | D21: =IFERROR(__xludf.DUMMYFUNCTION("""COMPUTED_VALUE"""),10) | E21: =IFERROR(__xludf.DUMMYFUNCTION("""COMPUTED_VALUE"""),11) | F21: =IFERROR(__xludf.DUMMYFUNCTION("""COMPUTED_VALUE"""),0) | G21: =IFERROR(__xludf.DUMMYFUNCTION("""COMPUTED_VALUE"""),9) | H21: =IFERROR(__xludf.DUMMYFUNCTION("""COMPUTED_VALUE"""),9) | I21: =IFERROR(__xludf.DUMMYFUNCTION("""COMPUTED_VALUE"""),13) | J21: =IFERROR(__xludf.DUMMYFUNCTION("""COMPUTED_VALUE"""),9) | K21: =IFERROR(__xludf.DUMMYFUNCTION("""COMPUTED_VALUE"""),4) | L21: =IFERROR(__xludf.DUMMYFUNCTION("""COMPUTED_VALUE"""),9) | M21: =IFERROR(__xludf.DUMMYFUNCTION("""COMPUTED_VALUE"""),10) | N21: =IFERROR(__xludf.DUMMYFUNCTION("""COMPUTED_VALUE"""),0) | O21: =IFERROR(__xludf.DUMMYFUNCTION("""COMPUTED_VALUE"""),0) | P21: =IFERROR(__xludf.DUMMYFUNCTION("""COMPUTED_VALUE"""),3) | Q21: =IFERROR(__xludf.DUMMYFUNCTION("""COMPUTED_VALUE"""),8) | R21: =IFERROR(__xludf.DUMMYFUNCTION("""COMPUTED_VALUE"""),0)
